title,list_price,price,stock,url,category
Auriculares Philips vincha SHL5005WT/00 Blanco,18539.0,13904.25,In Stock,https://www.hiperlibertad.com.ar/auriculares-philips-vincha-shl5005wt-00-blanco/p,Audio
PARLANTE BARRA DE SONIDO THONET & VANDER HOLM BLUETOOTH,None,82799.0,In Stock,https://www.hiperlibertad.com.ar/parlante-barra-de-sonido-thonet-vander-holm-bluetooth/p,Audio
AURICULARES PHILIPS TAE4105BK/00 NEGRO,11679.0,8759.25,In Stock,https://www.hiperlibertad.com.ar/auriculares-philips-tae4105bk-00-negro/p,Audio
Auriculares In Ear Philips shs3305BK/10 Negros,7839.0,5487.3,In Stock,https://www.hiperlibertad.com.ar/auriculares-in-ear-philips-shs3305bk-10-negros/p,Audio
PARLANTE INALAMBRICOS TWS THONET & VANDER FREI CHAIN GRAU GRIS HK096-03610,None,None,In Stock,https://www.hiperlibertad.com.ar/parlante-inalambricos-tws-thonet-vander-frei-chain-grau-gris-hk096-03610/p,Audio
Auriculares On Ear Philips SHL5005/00 Negro,18539.0,13904.25,In Stock,https://www.hiperlibertad.com.ar/auriculares-on-ear-philips-shl5005-00-negro/p,Audio
Auriculares Dekkin Vincha Bluetooth Rosa,None,7579.0,In Stock,https://www.hiperlibertad.com.ar/auriculares-dekkin-vincha-bluetooth-rosa/p,Audio
PARLANTE BARRA DE SONIDO THONET & VANDER STARK BLUETOOTH,None,492999.0,In Stock,https://www.hiperlibertad.com.ar/parlante-barra-de-sonido-thonet-vander-stark-bluetooth/p,Audio
AURICULARES MOTOROLA EARBUDS 3S JACK 3.5MM MANOS LIBRES PEACH,7999.0,5599.3,In Stock,https://www.hiperlibertad.com.ar/auriculares-motorola-earbuds-3s-jack-3-5mm-manos-libres-peach/p,Audio
Auriculares Dekkin Vincha Con Cable Negro,None,7149.0,In Stock,https://www.hiperlibertad.com.ar/auriculares-dekkin-vincha-con-cable-negro/p,Audio
SOUND BAR PHILIPS TAB5305 2.1,234609.0,187687.2,In Stock,https://www.hiperlibertad.com.ar/barra-de-sonido-phillips-tab5305-12-2-1/p,Audio
Auriculares Dekkin Vincha Con Cable Celeste,None,7149.0,In Stock,https://www.hiperlibertad.com.ar/auriculares-dekkin-vincha-con-cable-celeste/p,Audio
PARLANTE SOUND BAR THONET & VANDER DUNN HK096-03580,None,276999.0,In Stock,https://www.hiperlibertad.com.ar/parlante-sound-bar-thonet-vander-dunn-hk096-03580/p,Audio
PARLANTE CLASH 12P STROMBERG CON BATERIA,None,None,In Stock,https://www.hiperlibertad.com.ar/parlante-clash-12p-stromberg-con-bateria/p,Audio
PARLANTE FOXBOX CORVUS 3W WIRELESS,None,16999.0,In Stock,https://www.hiperlibertad.com.ar/parlante-foxbox-corvus-3w-wireless-3/p,Audio
Auriculares Motorola MOTO XT 120 White,19999.0,16999.15,In Stock,https://www.hiperlibertad.com.ar/auriculares-motorola-moto-xt-120-white/p,Audio
AURICULARES MOTOROLA EARBUDS 3S JACK 3.5MM MANOS LIBRES WHITE,7999.0,5599.3,In Stock,https://www.hiperlibertad.com.ar/auriculares-motorola-earbuds-3s-jack-3-5mm-manos-libres-white/p,Audio
AURICULARES INALAMBRICOS PHILIPS TAT2206BK NEGRO,48599.0,38879.2,In Stock,https://www.hiperlibertad.com.ar/auriculares-inalambricos-philips-tat2206bk-negro/p,Audio
PARLANTE INALAMBRICO FOXBOX O,None,106429.0,In Stock,https://www.hiperlibertad.com.ar/parlante-inalambrico-foxbox-o/p,Audio
AURICULARES MOTOROLA EARBUDS 3S JACK 3.5MM MANOS LIBRES BLACK,7999.0,5599.3,In Stock,https://www.hiperlibertad.com.ar/auriculares-motorola-earbuds-3s-jack-3-5mm-manos-libres-black/p,Audio
AURICULARES HP VINCHA DHE1205 BLANCO,14469.0,7234.99,In Stock,https://www.hiperlibertad.com.ar/auriculares-hp-vincha-dhe1205-blanco/p,Audio
Auriculares Bluetooth True Wireless Motorola Moto Buds 150 Black,55999.0,47599.15,In Stock,https://www.hiperlibertad.com.ar/auriculares-bluetooth-true-wireless-motorola-moto-buds-150-black/p,Audio
Torre Philips Party Speaker Bluetooth TAX3705/77 200W,419979.0,335983.2,In Stock,https://www.hiperlibertad.com.ar/torre-philips-party-speaker-bluetooth-tax3705-77-200w/p,Audio
PARL BT PHILIPS TAS1505B/0013,26029.0,20823.2,In Stock,https://www.hiperlibertad.com.ar/parlantes-bt-philips-tas1505b-00/p,Audio
AURICULARES PHILIPS TAH4105WT/00 BLANCO VINCHA,24389.0,18291.75,In Stock,https://www.hiperlibertad.com.ar/auriculares-philips-tah4105wt-00-blanco/p,Audio
AURICULARES INALAMBRICO BOOST GO NARA,None,13999.0,In Stock,https://www.hiperlibertad.com.ar/auriculares-inalambrico-boost-go-nara/p,Audio
PARLANTE PHILIPS TAX2706/77,139439.0,111551.2,In Stock,https://www.hiperlibertad.com.ar/parlante-philips-tax2706-77/p,Audio
Auriculares Dekkin Vincha Con Cable Verde,None,7149.0,In Stock,https://www.hiperlibertad.com.ar/auriculares-dekkin-vincha-con-cable-verde/p,Audio
Auriculares Bluetooth Motorola MOTO XT500 Plus White,56999.0,48449.15,In Stock,https://www.hiperlibertad.com.ar/auriculares-bluetooth-motorola-moto-xt500-plus-white/p,Audio
PARLANTE STROMBERG RAD 100 RMS,None,253999.0,In Stock,https://www.hiperlibertad.com.ar/parlante-stromberg-rad-100-rms/p,Audio
Auriculares On Ear PHILIPS Bluetooth TAH4205WT/00 Blanco,42719.0,34175.2,In Stock,https://www.hiperlibertad.com.ar/auriculares-on-ear-bluetooth-tah4205wt-00-blanco/p,Audio
Auriculares In Ear PHILIPS TAUE100BK/00 Negros,5849.0,4386.75,In Stock,https://www.hiperlibertad.com.ar/auriculares-in-ear-taue100bk-00-negros/p,Audio
AURICULARES HP LED C/MIC DHE8002,None,70199.0,In Stock,https://www.hiperlibertad.com.ar/auriculares-hp-led-c-mic-dhe8002/p,Audio
SOUNDBAR THONET VANDER BALKEN,None,100499.0,In Stock,https://www.hiperlibertad.com.ar/parlante-barra-de-sonido-thonet-vander-balken-bluetooth-v5-0/p,Audio
PARLANTE STROMBERG TORRE DJ 6004 BT,None,207999.0,In Stock,https://www.hiperlibertad.com.ar/parlante-stromberg-torre-stromberg-dj-6004-bt/p,Audio
PARLANTE BARRA DE SONIDO STROMBERG STAGE,None,101999.0,In Stock,https://www.hiperlibertad.com.ar/parlante-barra-de-sonido-stromberg-stage/p,Audio
PARLANTE PHILIPS TAX2206/77,99659.0,79727.2,In Stock,https://www.hiperlibertad.com.ar/parlante-philips-tax2206-77/p,Audio
AURICULARES PHILIPS TAE4105WT/00 BLANCO,11679.0,8759.25,In Stock,https://www.hiperlibertad.com.ar/auriculares-philips-tae4105wt-00-blanco/p,Audio
AURICULARES PHILIPS TAUE101BK/00,8349.0,6261.75,In Stock,https://www.hiperlibertad.com.ar/auriculares-philips-taue101bk-00/p,Audio
TORRE DE SONIDO BLUETOOTH PHILIPS TAX3305/77 100W,297519.0,238015.2,In Stock,https://www.hiperlibertad.com.ar/torre-philips-tax3305-77-100w/p,Audio
AURICULARES HP VINCHA DHE1205 NEGRO,16939.0,8469.99,In Stock,https://www.hiperlibertad.com.ar/auriculares-hp-vincha-dhe1205-negro/p,Audio
AURICULARES MOTOROLA EARBUDS 2S JACK 3.5MM MANOS LIBRES BLACK,7199.0,6119.15,In Stock,https://www.hiperlibertad.com.ar/auriculares-motorola-earbuds-2s-jack-3-5mm-manos-libres-black/p,Audio
AURICULARES HP DHE8011UM,None,49999.0,In Stock,https://www.hiperlibertad.com.ar/auriculares-hp-dhe8011um/p,Audio
AURICULARES MOTOROLA EARBUDS 3S JACK 3.5MM MANOS LIBRES TEAL,7999.0,5599.3,In Stock,https://www.hiperlibertad.com.ar/auriculares-motorola-earbuds-3s-jack-3-5mm-manos-libres-teal/p,Audio
AURICULARES PHILIPS TAH4105BK/00 NEGRO VINCHA,24388.99,18291.74,In Stock,https://www.hiperlibertad.com.ar/auriculares-philips-tah4105bk-00-negro/p,Audio
PARLANTE INALAMBRICOS TWS THONET & VANDER FREI CHAIN GRAU ROJO HK096-03603,None,None,In Stock,https://www.hiperlibertad.com.ar/parlante-inalambricos-tws-thonet-vander-frei-chain-grau-rojo-hk096-03603/p,Audio
PARLANTE MOONKI SOUND MO-PB280,None,125359.0,In Stock,https://www.hiperlibertad.com.ar/parlante-moonki-sound-mo-pb280/p,Audio
PARLANTE BLUETOOTH THONET & VANDER KURBIS CINEMA,None,345289.0,In Stock,https://www.hiperlibertad.com.ar/parlante-bluetooth-thonet-vander-kurbis-cinema/p,Audio
PARLANTE FOXBOX CORVUS 3W WIRELESS NEGRO,None,16999.0,In Stock,https://www.hiperlibertad.com.ar/parlante-foxbox-corvus-3w-wireless-negro/p,Audio
PARLANTE FOXBOX ORION GRIS,None,160149.0,In Stock,https://www.hiperlibertad.com.ar/parlante-foxbox-orion-gris/p,Audio
PARLANTE FOXBOX CORVUS 3W WIRELESS,None,16999.0,In Stock,https://www.hiperlibertad.com.ar/parlante-foxbox-corvus-3w-wireless/p,Audio
PARLANTE FOXBOX CORVUS 3W WIRELESS,None,16999.0,In Stock,https://www.hiperlibertad.com.ar/parlante-foxbox-corvus-3w-wireless-2/p,Audio
Auriculares Dekkin Vincha Con Cable Rosa,None,7149.0,In Stock,https://www.hiperlibertad.com.ar/auriculares-dekkin-vincha-con-cable-rosa/p,Audio
