proxy,status
45.154.15.116:80,"Error: HTTPSConnectionPool(host='www.hiperlibertad.com.ar', port=443): Max retries exceeded with url: / (Caused by ProxyError('Cannot connect to proxy.', OSError('Tunnel connection failed: 400 Bad Request')))"
50.207.199.81:80,"Error: HTTPSConnectionPool(host='www.hiperlibertad.com.ar', port=443): Max retries exceeded with url: / (Caused by ConnectTimeoutError(<urllib3.connection.HTTPSConnection object at 0x000001CF885DB310>, 'Connection to 50.207.199.81 timed out. (connect timeout=5)'))"
50.174.7.155:80,"Error: HTTPSConnectionPool(host='www.hiperlibertad.com.ar', port=443): Max retries exceeded with url: / (Caused by ConnectTimeoutError(<urllib3.connection.HTTPSConnection object at 0x000001CF885D3B50>, 'Connection to 50.174.7.155 timed out. (connect timeout=5)'))"
50.207.199.80:80,"Error: HTTPSConnectionPool(host='www.hiperlibertad.com.ar', port=443): Max retries exceeded with url: / (Caused by ConnectTimeoutError(<urllib3.connection.HTTPSConnection object at 0x000001CF885D2890>, 'Connection to 50.207.199.80 timed out. (connect timeout=5)'))"
50.173.140.150:80,"Error: HTTPSConnectionPool(host='www.hiperlibertad.com.ar', port=443): Max retries exceeded with url: / (Caused by ConnectTimeoutError(<urllib3.connection.HTTPSConnection object at 0x000001CF885DB910>, 'Connection to 50.173.140.150 timed out. (connect timeout=5)'))"
50.228.141.97:80,"Error: HTTPSConnectionPool(host='www.hiperlibertad.com.ar', port=443): Max retries exceeded with url: / (Caused by ConnectTimeoutError(<urllib3.connection.HTTPSConnection object at 0x000001CF885D3D50>, 'Connection to 50.228.141.97 timed out. (connect timeout=5)'))"
218.255.187.60:80,"Error: HTTPSConnectionPool(host='www.hiperlibertad.com.ar', port=443): Max retries exceeded with url: / (Caused by ConnectTimeoutError(<urllib3.connection.HTTPSConnection object at 0x000001CF885DB090>, 'Connection to 218.255.187.60 timed out. (connect timeout=5)'))"
50.218.57.70:80,"Error: HTTPSConnectionPool(host='www.hiperlibertad.com.ar', port=443): Max retries exceeded with url: / (Caused by ConnectTimeoutError(<urllib3.connection.HTTPSConnection object at 0x000001CF885D2710>, 'Connection to 50.218.57.70 timed out. (connect timeout=5)'))"
50.168.163.182:80,"Error: HTTPSConnectionPool(host='www.hiperlibertad.com.ar', port=443): Max retries exceeded with url: / (Caused by ConnectTimeoutError(<urllib3.connection.HTTPSConnection object at 0x000001CF885D8E10>, 'Connection to 50.168.163.182 timed out. (connect timeout=5)'))"
50.239.72.17:80,"Error: HTTPSConnectionPool(host='www.hiperlibertad.com.ar', port=443): Max retries exceeded with url: / (Caused by ConnectTimeoutError(<urllib3.connection.HTTPSConnection object at 0x000001CF885DB5D0>, 'Connection to 50.239.72.17 timed out. (connect timeout=5)'))"
50.222.245.43:80,"Error: HTTPSConnectionPool(host='www.hiperlibertad.com.ar', port=443): Max retries exceeded with url: / (Caused by ConnectTimeoutError(<urllib3.connection.HTTPSConnection object at 0x000001CF8845E050>, 'Connection to 50.222.245.43 timed out. (connect timeout=5)'))"
50.174.145.13:80,"Error: HTTPSConnectionPool(host='www.hiperlibertad.com.ar', port=443): Max retries exceeded with url: / (Caused by ConnectTimeoutError(<urllib3.connection.HTTPSConnection object at 0x000001CF885DC7D0>, 'Connection to 50.174.145.13 timed out. (connect timeout=5)'))"
50.169.62.104:80,"Error: HTTPSConnectionPool(host='www.hiperlibertad.com.ar', port=443): Max retries exceeded with url: / (Caused by ConnectTimeoutError(<urllib3.connection.HTTPSConnection object at 0x000001CF8845E310>, 'Connection to 50.169.62.104 timed out. (connect timeout=5)'))"
183.100.14.134:8000,"Error: HTTPSConnectionPool(host='www.hiperlibertad.com.ar', port=443): Max retries exceeded with url: / (Caused by ConnectTimeoutError(<urllib3.connection.HTTPSConnection object at 0x000001CF8845C750>, 'Connection to 183.100.14.134 timed out. (connect timeout=5)'))"
50.173.140.138:80,"Error: HTTPSConnectionPool(host='www.hiperlibertad.com.ar', port=443): Max retries exceeded with url: / (Caused by ConnectTimeoutError(<urllib3.connection.HTTPSConnection object at 0x000001CF885DAE90>, 'Connection to 50.173.140.138 timed out. (connect timeout=5)'))"
50.227.121.32:80,"Error: HTTPSConnectionPool(host='www.hiperlibertad.com.ar', port=443): Max retries exceeded with url: / (Caused by ConnectTimeoutError(<urllib3.connection.HTTPSConnection object at 0x000001CF8845C8D0>, 'Connection to 50.227.121.32 timed out. (connect timeout=5)'))"
162.223.91.11:80,"Error: HTTPSConnectionPool(host='www.hiperlibertad.com.ar', port=443): Max retries exceeded with url: / (Caused by ProxyError('Cannot connect to proxy.', OSError('Tunnel connection failed: 503 Service Temporarily Unavailable')))"
198.27.115.215:80,"Error: HTTPSConnectionPool(host='www.hiperlibertad.com.ar', port=443): Max retries exceeded with url: / (Caused by ProxyError('Cannot connect to proxy.', OSError('Tunnel connection failed: 503 Service Temporarily Unavailable')))"
50.169.62.108:80,"Error: HTTPSConnectionPool(host='www.hiperlibertad.com.ar', port=443): Max retries exceeded with url: / (Caused by ConnectTimeoutError(<urllib3.connection.HTTPSConnection object at 0x000001CF885DCED0>, 'Connection to 50.169.62.108 timed out. (connect timeout=5)'))"
216.137.184.253:80,"Error: HTTPSConnectionPool(host='www.hiperlibertad.com.ar', port=443): Max retries exceeded with url: / (Caused by ProxyError('Cannot connect to proxy.', OSError('Tunnel connection failed: 500 Internal Server Error')))"
107.1.93.215:80,"Error: HTTPSConnectionPool(host='www.hiperlibertad.com.ar', port=443): Max retries exceeded with url: / (Caused by ConnectTimeoutError(<urllib3.connection.HTTPSConnection object at 0x000001CF885DCF90>, 'Connection to 107.1.93.215 timed out. (connect timeout=5)'))"
50.227.121.34:80,"Error: HTTPSConnectionPool(host='www.hiperlibertad.com.ar', port=443): Max retries exceeded with url: / (Caused by ConnectTimeoutError(<urllib3.connection.HTTPSConnection object at 0x000001CF88601090>, 'Connection to 50.227.121.34 timed out. (connect timeout=5)'))"
50.217.226.43:80,"Error: HTTPSConnectionPool(host='www.hiperlibertad.com.ar', port=443): Max retries exceeded with url: / (Caused by ConnectTimeoutError(<urllib3.connection.HTTPSConnection object at 0x000001CF885D9390>, 'Connection to 50.217.226.43 timed out. (connect timeout=5)'))"
50.239.72.18:80,"Error: HTTPSConnectionPool(host='www.hiperlibertad.com.ar', port=443): Max retries exceeded with url: / (Caused by ConnectTimeoutError(<urllib3.connection.HTTPSConnection object at 0x000001CF885DADD0>, 'Connection to 50.239.72.18 timed out. (connect timeout=5)'))"
50.168.72.122:80,"Error: HTTPSConnectionPool(host='www.hiperlibertad.com.ar', port=443): Max retries exceeded with url: / (Caused by ConnectTimeoutError(<urllib3.connection.HTTPSConnection object at 0x000001CF885DB290>, 'Connection to 50.168.72.122 timed out. (connect timeout=5)'))"
50.200.12.82:80,"Error: HTTPSConnectionPool(host='www.hiperlibertad.com.ar', port=443): Max retries exceeded with url: / (Caused by ConnectTimeoutError(<urllib3.connection.HTTPSConnection object at 0x000001CF8844A7D0>, 'Connection to 50.200.12.82 timed out. (connect timeout=5)'))"
213.157.6.50:80,"Error: HTTPSConnectionPool(host='www.hiperlibertad.com.ar', port=443): Max retries exceeded with url: / (Caused by ConnectTimeoutError(<urllib3.connection.HTTPSConnection object at 0x000001CF885D2690>, 'Connection to 213.157.6.50 timed out. (connect timeout=5)'))"
50.227.121.38:80,"Error: HTTPSConnectionPool(host='www.hiperlibertad.com.ar', port=443): Max retries exceeded with url: / (Caused by ConnectTimeoutError(<urllib3.connection.HTTPSConnection object at 0x000001CF885DAFD0>, 'Connection to 50.227.121.38 timed out. (connect timeout=5)'))"
50.228.141.103:80,"Error: HTTPSConnectionPool(host='www.hiperlibertad.com.ar', port=443): Max retries exceeded with url: / (Caused by ConnectTimeoutError(<urllib3.connection.HTTPSConnection object at 0x000001CF8844A850>, 'Connection to 50.228.141.103 timed out. (connect timeout=5)'))"
50.200.12.84:80,"Error: HTTPSConnectionPool(host='www.hiperlibertad.com.ar', port=443): Max retries exceeded with url: / (Caused by ConnectTimeoutError(<urllib3.connection.HTTPSConnection object at 0x000001CF88448810>, 'Connection to 50.200.12.84 timed out. (connect timeout=5)'))"
50.168.163.179:80,"Error: HTTPSConnectionPool(host='www.hiperlibertad.com.ar', port=443): Max retries exceeded with url: / (Caused by ConnectTimeoutError(<urllib3.connection.HTTPSConnection object at 0x000001CF885DC610>, 'Connection to 50.168.163.179 timed out. (connect timeout=5)'))"
50.174.145.9:80,"Error: HTTPSConnectionPool(host='www.hiperlibertad.com.ar', port=443): Max retries exceeded with url: / (Caused by ConnectTimeoutError(<urllib3.connection.HTTPSConnection object at 0x000001CF885F3610>, 'Connection to 50.174.145.9 timed out. (connect timeout=5)'))"
50.171.32.228:80,"Error: HTTPSConnectionPool(host='www.hiperlibertad.com.ar', port=443): Max retries exceeded with url: / (Caused by ConnectTimeoutError(<urllib3.connection.HTTPSConnection object at 0x000001CF885D9A50>, 'Connection to 50.171.32.228 timed out. (connect timeout=5)'))"
50.206.111.90:80,"Error: HTTPSConnectionPool(host='www.hiperlibertad.com.ar', port=443): Max retries exceeded with url: / (Caused by ConnectTimeoutError(<urllib3.connection.HTTPSConnection object at 0x000001CF885D95D0>, 'Connection to 50.206.111.90 timed out. (connect timeout=5)'))"
50.175.212.74:80,"Error: HTTPSConnectionPool(host='www.hiperlibertad.com.ar', port=443): Max retries exceeded with url: / (Caused by ConnectTimeoutError(<urllib3.connection.HTTPSConnection object at 0x000001CF88436B10>, 'Connection to 50.175.212.74 timed out. (connect timeout=5)'))"
50.231.110.26:80,"Error: HTTPSConnectionPool(host='www.hiperlibertad.com.ar', port=443): Max retries exceeded with url: / (Caused by ConnectTimeoutError(<urllib3.connection.HTTPSConnection object at 0x000001CF88435D50>, 'Connection to 50.231.110.26 timed out. (connect timeout=5)'))"
66.181.33.12:80,Works
50.204.219.230:80,"Error: HTTPSConnectionPool(host='www.hiperlibertad.com.ar', port=443): Max retries exceeded with url: / (Caused by ConnectTimeoutError(<urllib3.connection.HTTPSConnection object at 0x000001CF88434390>, 'Connection to 50.204.219.230 timed out. (connect timeout=5)'))"
50.170.90.31:80,"Error: HTTPSConnectionPool(host='www.hiperlibertad.com.ar', port=443): Max retries exceeded with url: / (Caused by ConnectTimeoutError(<urllib3.connection.HTTPSConnection object at 0x000001CF885DFD10>, 'Connection to 50.170.90.31 timed out. (connect timeout=5)'))"
50.222.245.47:80,"Error: HTTPSConnectionPool(host='www.hiperlibertad.com.ar', port=443): Max retries exceeded with url: / (Caused by ConnectTimeoutError(<urllib3.connection.HTTPSConnection object at 0x000001CF885F2690>, 'Connection to 50.222.245.47 timed out. (connect timeout=5)'))"
50.168.163.180:80,"Error: HTTPSConnectionPool(host='www.hiperlibertad.com.ar', port=443): Max retries exceeded with url: / (Caused by ConnectTimeoutError(<urllib3.connection.HTTPSConnection object at 0x000001CF8845FC10>, 'Connection to 50.168.163.180 timed out. (connect timeout=5)'))"
50.222.245.46:80,"Error: HTTPSConnectionPool(host='www.hiperlibertad.com.ar', port=443): Max retries exceeded with url: / (Caused by ConnectTimeoutError(<urllib3.connection.HTTPSConnection object at 0x000001CF8844A290>, 'Connection to 50.222.245.46 timed out. (connect timeout=5)'))"
50.227.121.39:80,"Error: HTTPSConnectionPool(host='www.hiperlibertad.com.ar', port=443): Max retries exceeded with url: / (Caused by ConnectTimeoutError(<urllib3.connection.HTTPSConnection object at 0x000001CF885F3A50>, 'Connection to 50.227.121.39 timed out. (connect timeout=5)'))"
50.172.75.123:80,"Error: HTTPSConnectionPool(host='www.hiperlibertad.com.ar', port=443): Max retries exceeded with url: / (Caused by ConnectTimeoutError(<urllib3.connection.HTTPSConnection object at 0x000001CF884423D0>, 'Connection to 50.172.75.123 timed out. (connect timeout=5)'))"
50.173.140.147:80,"Error: HTTPSConnectionPool(host='www.hiperlibertad.com.ar', port=443): Max retries exceeded with url: / (Caused by ConnectTimeoutError(<urllib3.connection.HTTPSConnection object at 0x000001CF885DB590>, 'Connection to 50.173.140.147 timed out. (connect timeout=5)'))"
50.207.199.82:80,"Error: HTTPSConnectionPool(host='www.hiperlibertad.com.ar', port=443): Max retries exceeded with url: / (Caused by ConnectTimeoutError(<urllib3.connection.HTTPSConnection object at 0x000001CF885DFC50>, 'Connection to 50.207.199.82 timed out. (connect timeout=5)'))"
50.174.7.159:80,"Error: HTTPSConnectionPool(host='www.hiperlibertad.com.ar', port=443): Max retries exceeded with url: / (Caused by ConnectTimeoutError(<urllib3.connection.HTTPSConnection object at 0x000001CF885DF810>, 'Connection to 50.174.7.159 timed out. (connect timeout=5)'))"
50.228.141.99:80,"Error: HTTPSConnectionPool(host='www.hiperlibertad.com.ar', port=443): Max retries exceeded with url: / (Caused by ConnectTimeoutError(<urllib3.connection.HTTPSConnection object at 0x000001CF8844B690>, 'Connection to 50.228.141.99 timed out. (connect timeout=5)'))"
0.0.0.0:80,"Error: HTTPSConnectionPool(host='www.hiperlibertad.com.ar', port=443): Max retries exceeded with url: / (Caused by ProxyError('Cannot connect to proxy.', NewConnectionError('<urllib3.connection.HTTPSConnection object at 0x000001CF88435D50>: Failed to establish a new connection: [WinError 10049] La dirección solicitada no es válida en este contexto')))"
50.173.140.145:80,"Error: HTTPSConnectionPool(host='www.hiperlibertad.com.ar', port=443): Max retries exceeded with url: / (Caused by ConnectTimeoutError(<urllib3.connection.HTTPSConnection object at 0x000001CF8845F510>, 'Connection to 50.173.140.145 timed out. (connect timeout=5)'))"
50.237.207.186:80,"Error: HTTPSConnectionPool(host='www.hiperlibertad.com.ar', port=443): Max retries exceeded with url: / (Caused by ConnectTimeoutError(<urllib3.connection.HTTPSConnection object at 0x000001CF885DA490>, 'Connection to 50.237.207.186 timed out. (connect timeout=5)'))"
50.174.145.15:80,"Error: HTTPSConnectionPool(host='www.hiperlibertad.com.ar', port=443): Max retries exceeded with url: / (Caused by ConnectTimeoutError(<urllib3.connection.HTTPSConnection object at 0x000001CF88418150>, 'Connection to 50.174.145.15 timed out. (connect timeout=5)'))"
50.218.57.65:80,"Error: HTTPSConnectionPool(host='www.hiperlibertad.com.ar', port=443): Max retries exceeded with url: / (Caused by ConnectTimeoutError(<urllib3.connection.HTTPSConnection object at 0x000001CF88419F50>, 'Connection to 50.218.57.65 timed out. (connect timeout=5)'))"
133.18.234.13:80,"Error: HTTPSConnectionPool(host='www.hiperlibertad.com.ar', port=443): Max retries exceeded with url: / (Caused by ProxyError('Cannot connect to proxy.', OSError('Tunnel connection failed: 503 Service Temporarily Unavailable')))"
212.107.31.118:80,"Error: HTTPSConnectionPool(host='www.hiperlibertad.com.ar', port=443): Max retries exceeded with url: / (Caused by ProxyError('Cannot connect to proxy.', RemoteDisconnected('Remote end closed connection without response')))"
130.185.104.62:4128,"Error: HTTPSConnectionPool(host='www.hiperlibertad.com.ar', port=443): Max retries exceeded with url: / (Caused by ProxyError('Cannot connect to proxy.', NewConnectionError('<urllib3.connection.HTTPSConnection object at 0x000001CF885DAA90>: Failed to establish a new connection: [WinError 10061] No se puede establecer una conexión ya que el equipo de destino denegó expresamente dicha conexión')))"
50.171.32.224:80,"Error: HTTPSConnectionPool(host='www.hiperlibertad.com.ar', port=443): Max retries exceeded with url: / (Caused by ConnectTimeoutError(<urllib3.connection.HTTPSConnection object at 0x000001CF886032D0>, 'Connection to 50.171.32.224 timed out. (connect timeout=5)'))"
50.218.57.64:80,"Error: HTTPSConnectionPool(host='www.hiperlibertad.com.ar', port=443): Max retries exceeded with url: / (Caused by ConnectTimeoutError(<urllib3.connection.HTTPSConnection object at 0x000001CF885793D0>, 'Connection to 50.218.57.64 timed out. (connect timeout=5)'))"
50.228.141.100:80,"Error: HTTPSConnectionPool(host='www.hiperlibertad.com.ar', port=443): Max retries exceeded with url: / (Caused by ConnectTimeoutError(<urllib3.connection.HTTPSConnection object at 0x000001CF8844BC50>, 'Connection to 50.228.141.100 timed out. (connect timeout=5)'))"
50.228.141.98:80,"Error: HTTPSConnectionPool(host='www.hiperlibertad.com.ar', port=443): Max retries exceeded with url: / (Caused by ConnectTimeoutError(<urllib3.connection.HTTPSConnection object at 0x000001CF88423050>, 'Connection to 50.228.141.98 timed out. (connect timeout=5)'))"
50.218.57.71:80,"Error: HTTPSConnectionPool(host='www.hiperlibertad.com.ar', port=443): Max retries exceeded with url: / (Caused by ConnectTimeoutError(<urllib3.connection.HTTPSConnection object at 0x000001CF885F6D50>, 'Connection to 50.218.57.71 timed out. (connect timeout=5)'))"
50.174.41.66:80,"Error: HTTPSConnectionPool(host='www.hiperlibertad.com.ar', port=443): Max retries exceeded with url: / (Caused by ConnectTimeoutError(<urllib3.connection.HTTPSConnection object at 0x000001CF88423250>, 'Connection to 50.174.41.66 timed out. (connect timeout=5)'))"
107.1.93.220:80,"Error: HTTPSConnectionPool(host='www.hiperlibertad.com.ar', port=443): Max retries exceeded with url: / (Caused by ConnectTimeoutError(<urllib3.connection.HTTPSConnection object at 0x000001CF885F5F50>, 'Connection to 107.1.93.220 timed out. (connect timeout=5)'))"
172.108.208.74:80,"Error: HTTPSConnectionPool(host='www.hiperlibertad.com.ar', port=443): Max retries exceeded with url: / (Caused by ConnectTimeoutError(<urllib3.connection.HTTPSConnection object at 0x000001CF884203D0>, 'Connection to 172.108.208.74 timed out. (connect timeout=5)'))"
50.227.121.36:80,"Error: HTTPSConnectionPool(host='www.hiperlibertad.com.ar', port=443): Max retries exceeded with url: / (Caused by ConnectTimeoutError(<urllib3.connection.HTTPSConnection object at 0x000001CF885F3DD0>, 'Connection to 50.227.121.36 timed out. (connect timeout=5)'))"
50.222.245.40:80,"Error: HTTPSConnectionPool(host='www.hiperlibertad.com.ar', port=443): Max retries exceeded with url: / (Caused by ConnectTimeoutError(<urllib3.connection.HTTPSConnection object at 0x000001CF884205D0>, 'Connection to 50.222.245.40 timed out. (connect timeout=5)'))"
50.171.32.226:80,"Error: HTTPSConnectionPool(host='www.hiperlibertad.com.ar', port=443): Max retries exceeded with url: / (Caused by ConnectTimeoutError(<urllib3.connection.HTTPSConnection object at 0x000001CF88627050>, 'Connection to 50.171.32.226 timed out. (connect timeout=5)'))"
189.202.188.149:80,"Error: HTTPSConnectionPool(host='www.hiperlibertad.com.ar', port=443): Max retries exceeded with url: / (Caused by ConnectTimeoutError(<urllib3.connection.HTTPSConnection object at 0x000001CF88418950>, 'Connection to 189.202.188.149 timed out. (connect timeout=5)'))"
50.168.210.238:80,"Error: HTTPSConnectionPool(host='www.hiperlibertad.com.ar', port=443): Max retries exceeded with url: / (Caused by ConnectTimeoutError(<urllib3.connection.HTTPSConnection object at 0x000001CF885F3D10>, 'Connection to 50.168.210.238 timed out. (connect timeout=5)'))"
50.174.7.153:80,"Error: HTTPSConnectionPool(host='www.hiperlibertad.com.ar', port=443): Max retries exceeded with url: / (Caused by ConnectTimeoutError(<urllib3.connection.HTTPSConnection object at 0x000001CF88406510>, 'Connection to 50.174.7.153 timed out. (connect timeout=5)'))"
50.217.226.44:80,"Error: HTTPSConnectionPool(host='www.hiperlibertad.com.ar', port=443): Max retries exceeded with url: / (Caused by ConnectTimeoutError(<urllib3.connection.HTTPSConnection object at 0x000001CF885DA8D0>, 'Connection to 50.217.226.44 timed out. (connect timeout=5)'))"
127.0.0.7:80,"Error: HTTPSConnectionPool(host='www.hiperlibertad.com.ar', port=443): Max retries exceeded with url: / (Caused by ProxyError('Cannot connect to proxy.', NewConnectionError('<urllib3.connection.HTTPSConnection object at 0x000001CF88458610>: Failed to establish a new connection: [WinError 10061] No se puede establecer una conexión ya que el equipo de destino denegó expresamente dicha conexión')))"
162.223.89.84:80,"Error: HTTPSConnectionPool(host='www.hiperlibertad.com.ar', port=443): Max retries exceeded with url: / (Caused by ProxyError('Cannot connect to proxy.', OSError('Tunnel connection failed: 503 Service Temporarily Unavailable')))"
50.169.62.107:80,"Error: HTTPSConnectionPool(host='www.hiperlibertad.com.ar', port=443): Max retries exceeded with url: / (Caused by ConnectTimeoutError(<urllib3.connection.HTTPSConnection object at 0x000001CF88450FD0>, 'Connection to 50.169.62.107 timed out. (connect timeout=5)'))"
50.170.90.30:80,"Error: HTTPSConnectionPool(host='www.hiperlibertad.com.ar', port=443): Max retries exceeded with url: / (Caused by ConnectTimeoutError(<urllib3.connection.HTTPSConnection object at 0x000001CF88579ED0>, 'Connection to 50.170.90.30 timed out. (connect timeout=5)'))"
50.168.72.117:80,"Error: HTTPSConnectionPool(host='www.hiperlibertad.com.ar', port=443): Max retries exceeded with url: / (Caused by ConnectTimeoutError(<urllib3.connection.HTTPSConnection object at 0x000001CF885F1E50>, 'Connection to 50.168.72.117 timed out. (connect timeout=5)'))"
50.218.57.69:80,"Error: HTTPSConnectionPool(host='www.hiperlibertad.com.ar', port=443): Max retries exceeded with url: / (Caused by ConnectTimeoutError(<urllib3.connection.HTTPSConnection object at 0x000001CF88458310>, 'Connection to 50.218.57.69 timed out. (connect timeout=5)'))"
50.207.199.83:80,"Error: HTTPSConnectionPool(host='www.hiperlibertad.com.ar', port=443): Max retries exceeded with url: / (Caused by ConnectTimeoutError(<urllib3.connection.HTTPSConnection object at 0x000001CF885F3CD0>, 'Connection to 50.207.199.83 timed out. (connect timeout=5)'))"
50.222.245.44:80,"Error: HTTPSConnectionPool(host='www.hiperlibertad.com.ar', port=443): Max retries exceeded with url: / (Caused by ConnectTimeoutError(<urllib3.connection.HTTPSConnection object at 0x000001CF88434110>, 'Connection to 50.222.245.44 timed out. (connect timeout=5)'))"
50.174.7.152:80,"Error: HTTPSConnectionPool(host='www.hiperlibertad.com.ar', port=443): Max retries exceeded with url: / (Caused by ConnectTimeoutError(<urllib3.connection.HTTPSConnection object at 0x000001CF88434710>, 'Connection to 50.174.7.152 timed out. (connect timeout=5)'))"
50.168.210.226:80,"Error: HTTPSConnectionPool(host='www.hiperlibertad.com.ar', port=443): Max retries exceeded with url: / (Caused by ConnectTimeoutError(<urllib3.connection.HTTPSConnection object at 0x000001CF882D0F50>, 'Connection to 50.168.210.226 timed out. (connect timeout=5)'))"
50.217.226.41:80,"Error: HTTPSConnectionPool(host='www.hiperlibertad.com.ar', port=443): Max retries exceeded with url: / (Caused by ConnectTimeoutError(<urllib3.connection.HTTPSConnection object at 0x000001CF88434650>, 'Connection to 50.217.226.41 timed out. (connect timeout=5)'))"
107.1.93.213:80,"Error: HTTPSConnectionPool(host='www.hiperlibertad.com.ar', port=443): Max retries exceeded with url: / (Caused by ConnectTimeoutError(<urllib3.connection.HTTPSConnection object at 0x000001CF8844B290>, 'Connection to 107.1.93.213 timed out. (connect timeout=5)'))"
50.217.226.45:80,"Error: HTTPSConnectionPool(host='www.hiperlibertad.com.ar', port=443): Max retries exceeded with url: / (Caused by ConnectTimeoutError(<urllib3.connection.HTTPSConnection object at 0x000001CF8845E6D0>, 'Connection to 50.217.226.45 timed out. (connect timeout=5)'))"
50.221.230.186:80,"Error: HTTPSConnectionPool(host='www.hiperlibertad.com.ar', port=443): Max retries exceeded with url: / (Caused by ConnectTimeoutError(<urllib3.connection.HTTPSConnection object at 0x000001CF885F67D0>, 'Connection to 50.221.230.186 timed out. (connect timeout=5)'))"
50.172.23.10:80,"Error: HTTPSConnectionPool(host='www.hiperlibertad.com.ar', port=443): Max retries exceeded with url: / (Caused by ConnectTimeoutError(<urllib3.connection.HTTPSConnection object at 0x000001CF88420850>, 'Connection to 50.172.23.10 timed out. (connect timeout=5)'))"
107.1.93.219:80,"Error: HTTPSConnectionPool(host='www.hiperlibertad.com.ar', port=443): Max retries exceeded with url: / (Caused by ConnectTimeoutError(<urllib3.connection.HTTPSConnection object at 0x000001CF8841BE90>, 'Connection to 107.1.93.219 timed out. (connect timeout=5)'))"
50.204.219.224:80,"Error: HTTPSConnectionPool(host='www.hiperlibertad.com.ar', port=443): Max retries exceeded with url: / (Caused by ConnectTimeoutError(<urllib3.connection.HTTPSConnection object at 0x000001CF88638AD0>, 'Connection to 50.204.219.224 timed out. (connect timeout=5)'))"
50.218.57.74:80,"Error: HTTPSConnectionPool(host='www.hiperlibertad.com.ar', port=443): Max retries exceeded with url: / (Caused by ConnectTimeoutError(<urllib3.connection.HTTPSConnection object at 0x000001CF884500D0>, 'Connection to 50.218.57.74 timed out. (connect timeout=5)'))"
50.173.140.149:80,"Error: HTTPSConnectionPool(host='www.hiperlibertad.com.ar', port=443): Max retries exceeded with url: / (Caused by ConnectTimeoutError(<urllib3.connection.HTTPSConnection object at 0x000001CF88613610>, 'Connection to 50.173.140.149 timed out. (connect timeout=5)'))"
50.168.163.177:80,"Error: HTTPSConnectionPool(host='www.hiperlibertad.com.ar', port=443): Max retries exceeded with url: / (Caused by ConnectTimeoutError(<urllib3.connection.HTTPSConnection object at 0x000001CF8845F590>, 'Connection to 50.168.163.177 timed out. (connect timeout=5)'))"
107.1.93.214:80,"Error: HTTPSConnectionPool(host='www.hiperlibertad.com.ar', port=443): Max retries exceeded with url: / (Caused by ConnectTimeoutError(<urllib3.connection.HTTPSConnection object at 0x000001CF8863A190>, 'Connection to 107.1.93.214 timed out. (connect timeout=5)'))"
50.168.163.166:80,"Error: HTTPSConnectionPool(host='www.hiperlibertad.com.ar', port=443): Max retries exceeded with url: / (Caused by ConnectTimeoutError(<urllib3.connection.HTTPSConnection object at 0x000001CF88639B10>, 'Connection to 50.168.163.166 timed out. (connect timeout=5)'))"
50.227.121.33:80,"Error: HTTPSConnectionPool(host='www.hiperlibertad.com.ar', port=443): Max retries exceeded with url: / (Caused by ConnectTimeoutError(<urllib3.connection.HTTPSConnection object at 0x000001CF88639150>, 'Connection to 50.227.121.33 timed out. (connect timeout=5)'))"
50.173.140.151:80,"Error: HTTPSConnectionPool(host='www.hiperlibertad.com.ar', port=443): Max retries exceeded with url: / (Caused by ConnectTimeoutError(<urllib3.connection.HTTPSConnection object at 0x000001CF88600E10>, 'Connection to 50.173.140.151 timed out. (connect timeout=5)'))"
50.168.163.181:80,"Error: HTTPSConnectionPool(host='www.hiperlibertad.com.ar', port=443): Max retries exceeded with url: / (Caused by ConnectTimeoutError(<urllib3.connection.HTTPSConnection object at 0x000001CF88633810>, 'Connection to 50.168.163.181 timed out. (connect timeout=5)'))"
50.168.72.113:80,"Error: HTTPSConnectionPool(host='www.hiperlibertad.com.ar', port=443): Max retries exceeded with url: / (Caused by ConnectTimeoutError(<urllib3.connection.HTTPSConnection object at 0x000001CF8857B950>, 'Connection to 50.168.72.113 timed out. (connect timeout=5)'))"
50.168.72.119:80,"Error: HTTPSConnectionPool(host='www.hiperlibertad.com.ar', port=443): Max retries exceeded with url: / (Caused by ConnectTimeoutError(<urllib3.connection.HTTPSConnection object at 0x000001CF8857A450>, 'Connection to 50.168.72.119 timed out. (connect timeout=5)'))"
50.217.226.40:80,"Error: HTTPSConnectionPool(host='www.hiperlibertad.com.ar', port=443): Max retries exceeded with url: / (Caused by ConnectTimeoutError(<urllib3.connection.HTTPSConnection object at 0x000001CF88633310>, 'Connection to 50.217.226.40 timed out. (connect timeout=5)'))"
50.174.7.156:80,"Error: HTTPSConnectionPool(host='www.hiperlibertad.com.ar', port=443): Max retries exceeded with url: / (Caused by ConnectTimeoutError(<urllib3.connection.HTTPSConnection object at 0x000001CF885DEFD0>, 'Connection to 50.174.7.156 timed out. (connect timeout=5)'))"
20.210.113.32:80,"Error: HTTPSConnectionPool(host='www.hiperlibertad.com.ar', port=443): Max retries exceeded with url: / (Caused by ProxyError('Cannot connect to proxy.', OSError('Tunnel connection failed: 403 Forbidden')))"
119.76.142.145:8080,"Error: HTTPSConnectionPool(host='www.hiperlibertad.com.ar', port=443): Max retries exceeded with url: / (Caused by ConnectTimeoutError(<urllib3.connection.HTTPSConnection object at 0x000001CF8857B4D0>, 'Connection to 119.76.142.145 timed out. (connect timeout=5)'))"
103.229.82.165:8080,"Error: HTTPSConnectionPool(host='www.hiperlibertad.com.ar', port=443): Max retries exceeded with url: / (Caused by ConnectTimeoutError(<urllib3.connection.HTTPSConnection object at 0x000001CF885DDD50>, 'Connection to 103.229.82.165 timed out. (connect timeout=5)'))"
194.140.198.23:80,"Error: HTTPSConnectionPool(host='www.hiperlibertad.com.ar', port=443): Max retries exceeded with url: / (Caused by ConnectTimeoutError(<urllib3.connection.HTTPSConnection object at 0x000001CF8863AB50>, 'Connection to 194.140.198.23 timed out. (connect timeout=5)'))"
78.111.73.220:80,"Error: HTTPSConnectionPool(host='www.hiperlibertad.com.ar', port=443): Max retries exceeded with url: / (Caused by ConnectTimeoutError(<urllib3.connection.HTTPSConnection object at 0x000001CF88640A90>, 'Connection to 78.111.73.220 timed out. (connect timeout=5)'))"
20.157.194.61:80,"Error: HTTPSConnectionPool(host='www.hiperlibertad.com.ar', port=443): Max retries exceeded with url: / (Caused by ProxyError('Cannot connect to proxy.', OSError('Tunnel connection failed: 400 Bad Request')))"
20.24.43.214:80,"Error: HTTPSConnectionPool(host='www.hiperlibertad.com.ar', port=443): Max retries exceeded with url: / (Caused by ProxyError('Cannot connect to proxy.', OSError('Tunnel connection failed: 403 Forbidden')))"
181.78.23.194:999,"Error: HTTPSConnectionPool(host='www.hiperlibertad.com.ar', port=443): Max retries exceeded with url: / (Caused by ConnectTimeoutError(<urllib3.connection.HTTPSConnection object at 0x000001CF88642B90>, 'Connection to 181.78.23.194 timed out. (connect timeout=5)'))"
50.168.210.232:80,"Error: HTTPSConnectionPool(host='www.hiperlibertad.com.ar', port=443): Max retries exceeded with url: / (Caused by ConnectTimeoutError(<urllib3.connection.HTTPSConnection object at 0x000001CF88643D50>, 'Connection to 50.168.210.232 timed out. (connect timeout=5)'))"
50.222.245.42:80,"Error: HTTPSConnectionPool(host='www.hiperlibertad.com.ar', port=443): Max retries exceeded with url: / (Caused by ConnectTimeoutError(<urllib3.connection.HTTPSConnection object at 0x000001CF88586610>, 'Connection to 50.222.245.42 timed out. (connect timeout=5)'))"
50.168.72.116:80,"Error: HTTPSConnectionPool(host='www.hiperlibertad.com.ar', port=443): Max retries exceeded with url: / (Caused by ConnectTimeoutError(<urllib3.connection.HTTPSConnection object at 0x000001CF88624150>, 'Connection to 50.168.72.116 timed out. (connect timeout=5)'))"
50.169.62.110:80,"Error: HTTPSConnectionPool(host='www.hiperlibertad.com.ar', port=443): Max retries exceeded with url: / (Caused by ConnectTimeoutError(<urllib3.connection.HTTPSConnection object at 0x000001CF88627190>, 'Connection to 50.169.62.110 timed out. (connect timeout=5)'))"
107.1.93.208:80,"Error: HTTPSConnectionPool(host='www.hiperlibertad.com.ar', port=443): Max retries exceeded with url: / (Caused by ConnectTimeoutError(<urllib3.connection.HTTPSConnection object at 0x000001CF886270D0>, 'Connection to 107.1.93.208 timed out. (connect timeout=5)'))"
50.169.62.109:80,"Error: HTTPSConnectionPool(host='www.hiperlibertad.com.ar', port=443): Max retries exceeded with url: / (Caused by ConnectTimeoutError(<urllib3.connection.HTTPSConnection object at 0x000001CF886248D0>, 'Connection to 50.169.62.109 timed out. (connect timeout=5)'))"
50.169.62.114:80,"Error: HTTPSConnectionPool(host='www.hiperlibertad.com.ar', port=443): Max retries exceeded with url: / (Caused by ConnectTimeoutError(<urllib3.connection.HTTPSConnection object at 0x000001CF88624990>, 'Connection to 50.169.62.114 timed out. (connect timeout=5)'))"
32.223.6.94:80,"Error: HTTPSConnectionPool(host='www.hiperlibertad.com.ar', port=443): Max retries exceeded with url: / (Caused by ConnectTimeoutError(<urllib3.connection.HTTPSConnection object at 0x000001CF88632250>, 'Connection to 32.223.6.94 timed out. (connect timeout=5)'))"
46.47.197.210:3128,"Error: HTTPSConnectionPool(host='www.hiperlibertad.com.ar', port=443): Max retries exceeded with url: / (Caused by ProxyError('Cannot connect to proxy.', OSError('Tunnel connection failed: 403 Forbidden')))"
50.200.12.86:80,"Error: HTTPSConnectionPool(host='www.hiperlibertad.com.ar', port=443): Max retries exceeded with url: / (Caused by ConnectTimeoutError(<urllib3.connection.HTTPSConnection object at 0x000001CF88638110>, 'Connection to 50.200.12.86 timed out. (connect timeout=5)'))"
50.169.62.111:80,"Error: HTTPSConnectionPool(host='www.hiperlibertad.com.ar', port=443): Max retries exceeded with url: / (Caused by ConnectTimeoutError(<urllib3.connection.HTTPSConnection object at 0x000001CF8845C9D0>, 'Connection to 50.169.62.111 timed out. (connect timeout=5)'))"
107.1.93.218:80,"Error: HTTPSConnectionPool(host='www.hiperlibertad.com.ar', port=443): Max retries exceeded with url: / (Caused by ConnectTimeoutError(<urllib3.connection.HTTPSConnection object at 0x000001CF8845FF10>, 'Connection to 107.1.93.218 timed out. (connect timeout=5)'))"
66.191.31.158:80,"Error: HTTPSConnectionPool(host='www.hiperlibertad.com.ar', port=443): Max retries exceeded with url: / (Caused by ConnectTimeoutError(<urllib3.connection.HTTPSConnection object at 0x000001CF8863B310>, 'Connection to 66.191.31.158 timed out. (connect timeout=5)'))"
198.49.68.80:80,"Error: HTTPSConnectionPool(host='www.hiperlibertad.com.ar', port=443): Max retries exceeded with url: / (Caused by ProxyError('Cannot connect to proxy.', OSError('Tunnel connection failed: 500 Internal Server Error')))"
107.1.93.221:80,"Error: HTTPSConnectionPool(host='www.hiperlibertad.com.ar', port=443): Max retries exceeded with url: / (Caused by ConnectTimeoutError(<urllib3.connection.HTTPSConnection object at 0x000001CF88587150>, 'Connection to 107.1.93.221 timed out. (connect timeout=5)'))"
50.172.75.122:80,"Error: HTTPSConnectionPool(host='www.hiperlibertad.com.ar', port=443): Max retries exceeded with url: / (Caused by ConnectTimeoutError(<urllib3.connection.HTTPSConnection object at 0x000001CF88586910>, 'Connection to 50.172.75.122 timed out. (connect timeout=5)'))"
50.223.38.2:80,"Error: HTTPSConnectionPool(host='www.hiperlibertad.com.ar', port=443): Max retries exceeded with url: / (Caused by ConnectTimeoutError(<urllib3.connection.HTTPSConnection object at 0x000001CF8845C790>, 'Connection to 50.223.38.2 timed out. (connect timeout=5)'))"
85.8.68.2:80,"Error: HTTPSConnectionPool(host='www.hiperlibertad.com.ar', port=443): Max retries exceeded with url: / (Caused by ConnectTimeoutError(<urllib3.connection.HTTPSConnection object at 0x000001CF88578150>, 'Connection to 85.8.68.2 timed out. (connect timeout=5)'))"
50.218.57.68:80,"Error: HTTPSConnectionPool(host='www.hiperlibertad.com.ar', port=443): Max retries exceeded with url: / (Caused by ConnectTimeoutError(<urllib3.connection.HTTPSConnection object at 0x000001CF8857AB50>, 'Connection to 50.218.57.68 timed out. (connect timeout=5)'))"
50.200.12.83:80,"Error: HTTPSConnectionPool(host='www.hiperlibertad.com.ar', port=443): Max retries exceeded with url: / (Caused by ConnectTimeoutError(<urllib3.connection.HTTPSConnection object at 0x000001CF884197D0>, 'Connection to 50.200.12.83 timed out. (connect timeout=5)'))"
50.168.72.118:80,"Error: HTTPSConnectionPool(host='www.hiperlibertad.com.ar', port=443): Max retries exceeded with url: / (Caused by ConnectTimeoutError(<urllib3.connection.HTTPSConnection object at 0x000001CF8841AE50>, 'Connection to 50.168.72.118 timed out. (connect timeout=5)'))"
50.228.141.96:80,"Error: HTTPSConnectionPool(host='www.hiperlibertad.com.ar', port=443): Max retries exceeded with url: / (Caused by ConnectTimeoutError(<urllib3.connection.HTTPSConnection object at 0x000001CF88584310>, 'Connection to 50.228.141.96 timed out. (connect timeout=5)'))"
50.169.62.105:80,"Error: HTTPSConnectionPool(host='www.hiperlibertad.com.ar', port=443): Max retries exceeded with url: / (Caused by ConnectTimeoutError(<urllib3.connection.HTTPSConnection object at 0x000001CF885840D0>, 'Connection to 50.169.62.105 timed out. (connect timeout=5)'))"
50.231.172.74:80,"Error: HTTPSConnectionPool(host='www.hiperlibertad.com.ar', port=443): Max retries exceeded with url: / (Caused by ConnectTimeoutError(<urllib3.connection.HTTPSConnection object at 0x000001CF88586610>, 'Connection to 50.231.172.74 timed out. (connect timeout=5)'))"
50.173.140.148:80,"Error: HTTPSConnectionPool(host='www.hiperlibertad.com.ar', port=443): Max retries exceeded with url: / (Caused by ConnectTimeoutError(<urllib3.connection.HTTPSConnection object at 0x000001CF88632C50>, 'Connection to 50.173.140.148 timed out. (connect timeout=5)'))"
50.218.57.66:80,"Error: HTTPSConnectionPool(host='www.hiperlibertad.com.ar', port=443): Max retries exceeded with url: / (Caused by ConnectTimeoutError(<urllib3.connection.HTTPSConnection object at 0x000001CF8845A9D0>, 'Connection to 50.218.57.66 timed out. (connect timeout=5)'))"
50.168.163.176:80,"Error: HTTPSConnectionPool(host='www.hiperlibertad.com.ar', port=443): Max retries exceeded with url: / (Caused by ConnectTimeoutError(<urllib3.connection.HTTPSConnection object at 0x000001CF885F5D50>, 'Connection to 50.168.163.176 timed out. (connect timeout=5)'))"
50.231.104.58:80,"Error: HTTPSConnectionPool(host='www.hiperlibertad.com.ar', port=443): Max retries exceeded with url: / (Caused by ConnectTimeoutError(<urllib3.connection.HTTPSConnection object at 0x000001CF8845DC90>, 'Connection to 50.231.104.58 timed out. (connect timeout=5)'))"
107.1.93.210:80,"Error: HTTPSConnectionPool(host='www.hiperlibertad.com.ar', port=443): Max retries exceeded with url: / (Caused by ConnectTimeoutError(<urllib3.connection.HTTPSConnection object at 0x000001CF88459890>, 'Connection to 107.1.93.210 timed out. (connect timeout=5)'))"
50.230.222.202:80,"Error: HTTPSConnectionPool(host='www.hiperlibertad.com.ar', port=443): Max retries exceeded with url: / (Caused by ConnectTimeoutError(<urllib3.connection.HTTPSConnection object at 0x000001CF886277D0>, 'Connection to 50.230.222.202 timed out. (connect timeout=5)'))"
50.204.190.234:80,"Error: HTTPSConnectionPool(host='www.hiperlibertad.com.ar', port=443): Max retries exceeded with url: / (Caused by ConnectTimeoutError(<urllib3.connection.HTTPSConnection object at 0x000001CF88420510>, 'Connection to 50.204.190.234 timed out. (connect timeout=5)'))"
50.218.57.67:80,"Error: HTTPSConnectionPool(host='www.hiperlibertad.com.ar', port=443): Max retries exceeded with url: / (Caused by ConnectTimeoutError(<urllib3.connection.HTTPSConnection object at 0x000001CF88450F10>, 'Connection to 50.218.57.67 timed out. (connect timeout=5)'))"
124.198.17.217:12999,"Error: HTTPSConnectionPool(host='www.hiperlibertad.com.ar', port=443): Read timed out."
50.168.210.235:80,"Error: HTTPSConnectionPool(host='www.hiperlibertad.com.ar', port=443): Max retries exceeded with url: / (Caused by ConnectTimeoutError(<urllib3.connection.HTTPSConnection object at 0x000001CF884366D0>, 'Connection to 50.168.210.235 timed out. (connect timeout=5)'))"
50.222.245.50:80,"Error: HTTPSConnectionPool(host='www.hiperlibertad.com.ar', port=443): Max retries exceeded with url: / (Caused by ConnectTimeoutError(<urllib3.connection.HTTPSConnection object at 0x000001CF8857B310>, 'Connection to 50.222.245.50 timed out. (connect timeout=5)'))"
118.69.134.0:80,"Error: HTTPSConnectionPool(host='www.hiperlibertad.com.ar', port=443): Max retries exceeded with url: / (Caused by ProxyError('Cannot connect to proxy.', RemoteDisconnected('Remote end closed connection without response')))"
50.174.145.10:80,"Error: HTTPSConnectionPool(host='www.hiperlibertad.com.ar', port=443): Max retries exceeded with url: / (Caused by ConnectTimeoutError(<urllib3.connection.HTTPSConnection object at 0x000001CF8857B550>, 'Connection to 50.174.145.10 timed out. (connect timeout=5)'))"
80.228.235.6:80,"Error: HTTPSConnectionPool(host='www.hiperlibertad.com.ar', port=443): Max retries exceeded with url: / (Caused by ConnectTimeoutError(<urllib3.connection.HTTPSConnection object at 0x000001CF88626550>, 'Connection to 80.228.235.6 timed out. (connect timeout=5)'))"
80.150.50.226:80,"Error: HTTPSConnectionPool(host='www.hiperlibertad.com.ar', port=443): Max retries exceeded with url: / (Caused by ConnectTimeoutError(<urllib3.connection.HTTPSConnection object at 0x000001CF88639650>, 'Connection to 80.150.50.226 timed out. (connect timeout=5)'))"
50.207.199.84:80,"Error: HTTPSConnectionPool(host='www.hiperlibertad.com.ar', port=443): Max retries exceeded with url: / (Caused by ConnectTimeoutError(<urllib3.connection.HTTPSConnection object at 0x000001CF88585C90>, 'Connection to 50.207.199.84 timed out. (connect timeout=5)'))"
213.143.113.82:80,"Error: HTTPSConnectionPool(host='www.hiperlibertad.com.ar', port=443): Max retries exceeded with url: / (Caused by ConnectTimeoutError(<urllib3.connection.HTTPSConnection object at 0x000001CF8845E650>, 'Connection to 213.143.113.82 timed out. (connect timeout=5)'))"
107.1.93.211:80,"Error: HTTPSConnectionPool(host='www.hiperlibertad.com.ar', port=443): Max retries exceeded with url: / (Caused by ConnectTimeoutError(<urllib3.connection.HTTPSConnection object at 0x000001CF884072D0>, 'Connection to 107.1.93.211 timed out. (connect timeout=5)'))"
50.207.199.86:80,"Error: HTTPSConnectionPool(host='www.hiperlibertad.com.ar', port=443): Max retries exceeded with url: / (Caused by ConnectTimeoutError(<urllib3.connection.HTTPSConnection object at 0x000001CF88641B50>, 'Connection to 50.207.199.86 timed out. (connect timeout=5)'))"
50.204.219.227:80,"Error: HTTPSConnectionPool(host='www.hiperlibertad.com.ar', port=443): Max retries exceeded with url: / (Caused by ConnectTimeoutError(<urllib3.connection.HTTPSConnection object at 0x000001CF88627D50>, 'Connection to 50.204.219.227 timed out. (connect timeout=5)'))"
213.33.2.28:80,"Error: HTTPSConnectionPool(host='www.hiperlibertad.com.ar', port=443): Max retries exceeded with url: / (Caused by ConnectTimeoutError(<urllib3.connection.HTTPSConnection object at 0x000001CF88638650>, 'Connection to 213.33.2.28 timed out. (connect timeout=5)'))"
213.33.126.130:80,"Error: HTTPSConnectionPool(host='www.hiperlibertad.com.ar', port=443): Max retries exceeded with url: / (Caused by ConnectTimeoutError(<urllib3.connection.HTTPSConnection object at 0x000001CF88613710>, 'Connection to 213.33.126.130 timed out. (connect timeout=5)'))"
41.207.187.178:80,"Error: HTTPSConnectionPool(host='www.hiperlibertad.com.ar', port=443): Max retries exceeded with url: / (Caused by ConnectTimeoutError(<urllib3.connection.HTTPSConnection object at 0x000001CF8841B050>, 'Connection to 41.207.187.178 timed out. (connect timeout=5)'))"
188.166.17.18:8881,"Error: HTTPSConnectionPool(host='www.hiperlibertad.com.ar', port=443): Max retries exceeded with url: / (Caused by ProxyError('Cannot connect to proxy.', OSError('Tunnel connection failed: 400 Bad Request')))"
107.1.93.216:80,"Error: HTTPSConnectionPool(host='www.hiperlibertad.com.ar', port=443): Max retries exceeded with url: / (Caused by ConnectTimeoutError(<urllib3.connection.HTTPSConnection object at 0x000001CF8845D6D0>, 'Connection to 107.1.93.216 timed out. (connect timeout=5)'))"
211.128.96.206:80,"Error: HTTPSConnectionPool(host='www.hiperlibertad.com.ar', port=443): Max retries exceeded with url: / (Caused by ConnectTimeoutError(<urllib3.connection.HTTPSConnection object at 0x000001CF88451AD0>, 'Connection to 211.128.96.206 timed out. (connect timeout=5)'))"
113.161.131.43:80,"Error: HTTPSConnectionPool(host='www.hiperlibertad.com.ar', port=443): Max retries exceeded with url: / (Caused by ProxyError('Cannot connect to proxy.', RemoteDisconnected('Remote end closed connection without response')))"
50.207.199.87:80,"Error: HTTPSConnectionPool(host='www.hiperlibertad.com.ar', port=443): Max retries exceeded with url: / (Caused by ConnectTimeoutError(<urllib3.connection.HTTPSConnection object at 0x000001CF88610CD0>, 'Connection to 50.207.199.87 timed out. (connect timeout=5)'))"
50.170.90.28:80,"Error: HTTPSConnectionPool(host='www.hiperlibertad.com.ar', port=443): Max retries exceeded with url: / (Caused by ConnectTimeoutError(<urllib3.connection.HTTPSConnection object at 0x000001CF8845CD50>, 'Connection to 50.170.90.28 timed out. (connect timeout=5)'))"
210.9.96.179:443,"Error: HTTPSConnectionPool(host='www.hiperlibertad.com.ar', port=443): Max retries exceeded with url: / (Caused by ProxyError('Cannot connect to proxy.', OSError('Tunnel connection failed: 400 Bad Request')))"
50.171.32.227:80,"Error: HTTPSConnectionPool(host='www.hiperlibertad.com.ar', port=443): Max retries exceeded with url: / (Caused by ConnectTimeoutError(<urllib3.connection.HTTPSConnection object at 0x000001CF886415D0>, 'Connection to 50.171.32.227 timed out. (connect timeout=5)'))"
50.174.7.157:80,"Error: HTTPSConnectionPool(host='www.hiperlibertad.com.ar', port=443): Max retries exceeded with url: / (Caused by ConnectTimeoutError(<urllib3.connection.HTTPSConnection object at 0x000001CF88626C10>, 'Connection to 50.174.7.157 timed out. (connect timeout=5)'))"
50.171.32.231:80,"Error: HTTPSConnectionPool(host='www.hiperlibertad.com.ar', port=443): Max retries exceeded with url: / (Caused by ConnectTimeoutError(<urllib3.connection.HTTPSConnection object at 0x000001CF88625510>, 'Connection to 50.171.32.231 timed out. (connect timeout=5)'))"
50.169.23.170:80,"Error: HTTPSConnectionPool(host='www.hiperlibertad.com.ar', port=443): Max retries exceeded with url: / (Caused by ConnectTimeoutError(<urllib3.connection.HTTPSConnection object at 0x000001CF8863B2D0>, 'Connection to 50.169.23.170 timed out. (connect timeout=5)'))"
50.238.154.98:80,"Error: HTTPSConnectionPool(host='www.hiperlibertad.com.ar', port=443): Max retries exceeded with url: / (Caused by ConnectTimeoutError(<urllib3.connection.HTTPSConnection object at 0x000001CF88584E50>, 'Connection to 50.238.154.98 timed out. (connect timeout=5)'))"
50.200.12.85:80,"Error: HTTPSConnectionPool(host='www.hiperlibertad.com.ar', port=443): Max retries exceeded with url: / (Caused by ConnectTimeoutError(<urllib3.connection.HTTPSConnection object at 0x000001CF88641490>, 'Connection to 50.200.12.85 timed out. (connect timeout=5)'))"
47.56.110.204:8989,"Error: HTTPSConnectionPool(host='www.hiperlibertad.com.ar', port=443): Max retries exceeded with url: / (Caused by ProxyError('Cannot connect to proxy.', OSError('Tunnel connection failed: 400 Bad Request')))"
50.168.163.183:80,"Error: HTTPSConnectionPool(host='www.hiperlibertad.com.ar', port=443): Max retries exceeded with url: / (Caused by ConnectTimeoutError(<urllib3.connection.HTTPSConnection object at 0x000001CF88587710>, 'Connection to 50.168.163.183 timed out. (connect timeout=5)'))"
50.200.12.80:80,"Error: HTTPSConnectionPool(host='www.hiperlibertad.com.ar', port=443): Max retries exceeded with url: / (Caused by ConnectTimeoutError(<urllib3.connection.HTTPSConnection object at 0x000001CF8859C3D0>, 'Connection to 50.200.12.80 timed out. (connect timeout=5)'))"
50.168.163.178:80,"Error: HTTPSConnectionPool(host='www.hiperlibertad.com.ar', port=443): Max retries exceeded with url: / (Caused by ConnectTimeoutError(<urllib3.connection.HTTPSConnection object at 0x000001CF8857A550>, 'Connection to 50.168.163.178 timed out. (connect timeout=5)'))"
107.1.93.223:80,"Error: HTTPSConnectionPool(host='www.hiperlibertad.com.ar', port=443): Max retries exceeded with url: / (Caused by ConnectTimeoutError(<urllib3.connection.HTTPSConnection object at 0x000001CF886137D0>, 'Connection to 107.1.93.223 timed out. (connect timeout=5)'))"
50.220.168.134:80,"Error: HTTPSConnectionPool(host='www.hiperlibertad.com.ar', port=443): Max retries exceeded with url: / (Caused by ConnectTimeoutError(<urllib3.connection.HTTPSConnection object at 0x000001CF88638C50>, 'Connection to 50.220.168.134 timed out. (connect timeout=5)'))"
50.168.72.115:80,"Error: HTTPSConnectionPool(host='www.hiperlibertad.com.ar', port=443): Max retries exceeded with url: / (Caused by ConnectTimeoutError(<urllib3.connection.HTTPSConnection object at 0x000001CF88626510>, 'Connection to 50.168.72.115 timed out. (connect timeout=5)'))"
50.204.219.228:80,"Error: HTTPSConnectionPool(host='www.hiperlibertad.com.ar', port=443): Max retries exceeded with url: / (Caused by ConnectTimeoutError(<urllib3.connection.HTTPSConnection object at 0x000001CF88632910>, 'Connection to 50.204.219.228 timed out. (connect timeout=5)'))"
50.217.226.47:80,"Error: HTTPSConnectionPool(host='www.hiperlibertad.com.ar', port=443): Max retries exceeded with url: / (Caused by ConnectTimeoutError(<urllib3.connection.HTTPSConnection object at 0x000001CF88597050>, 'Connection to 50.217.226.47 timed out. (connect timeout=5)'))"
50.227.121.37:80,"Error: HTTPSConnectionPool(host='www.hiperlibertad.com.ar', port=443): Max retries exceeded with url: / (Caused by ConnectTimeoutError(<urllib3.connection.HTTPSConnection object at 0x000001CF8845F690>, 'Connection to 50.227.121.37 timed out. (connect timeout=5)'))"
125.25.33.181:8080,"Error: HTTPSConnectionPool(host='www.hiperlibertad.com.ar', port=443): Max retries exceeded with url: / (Caused by ProxyError('Cannot connect to proxy.', NewConnectionError('<urllib3.connection.HTTPSConnection object at 0x000001CF8863ADD0>: Failed to establish a new connection: [WinError 10061] No se puede establecer una conexión ya que el equipo de destino denegó expresamente dicha conexión')))"
50.169.37.50:80,"Error: HTTPSConnectionPool(host='www.hiperlibertad.com.ar', port=443): Max retries exceeded with url: / (Caused by ConnectTimeoutError(<urllib3.connection.HTTPSConnection object at 0x000001CF88586610>, 'Connection to 50.169.37.50 timed out. (connect timeout=5)'))"
177.93.60.70:999,"Error: HTTPSConnectionPool(host='www.hiperlibertad.com.ar', port=443): Max retries exceeded with url: / (Caused by ConnectTimeoutError(<urllib3.connection.HTTPSConnection object at 0x000001CF885F7D10>, 'Connection to 177.93.60.70 timed out. (connect timeout=5)'))"
138.201.243.84:8080,"Error: HTTPSConnectionPool(host='www.hiperlibertad.com.ar', port=443): Max retries exceeded with url: / (Caused by ConnectTimeoutError(<urllib3.connection.HTTPSConnection object at 0x000001CF88625590>, 'Connection to 138.201.243.84 timed out. (connect timeout=5)'))"
125.26.118.71:8080,"Error: HTTPSConnectionPool(host='www.hiperlibertad.com.ar', port=443): Max retries exceeded with url: / (Caused by ConnectTimeoutError(<urllib3.connection.HTTPSConnection object at 0x000001CF88597610>, 'Connection to 125.26.118.71 timed out. (connect timeout=5)'))"
103.149.194.30:32650,"Error: HTTPSConnectionPool(host='www.hiperlibertad.com.ar', port=443): Max retries exceeded with url: / (Caused by ConnectTimeoutError(<urllib3.connection.HTTPSConnection object at 0x000001CF88459690>, 'Connection to 103.149.194.30 timed out. (connect timeout=5)'))"
103.179.252.49:8181,"Error: HTTPSConnectionPool(host='www.hiperlibertad.com.ar', port=443): Max retries exceeded with url: / (Caused by ConnectTimeoutError(<urllib3.connection.HTTPSConnection object at 0x000001CF88633E90>, 'Connection to 103.179.252.49 timed out. (connect timeout=5)'))"
139.144.20.92:8080,"Error: HTTPSConnectionPool(host='www.hiperlibertad.com.ar', port=443): Max retries exceeded with url: / (Caused by ConnectTimeoutError(<urllib3.connection.HTTPSConnection object at 0x000001CF86337B50>, 'Connection to 139.144.20.92 timed out. (connect timeout=5)'))"
138.118.104.50:999,"Error: HTTPSConnectionPool(host='www.hiperlibertad.com.ar', port=443): Max retries exceeded with url: / (Caused by ConnectTimeoutError(<urllib3.connection.HTTPSConnection object at 0x000001CF88436D50>, 'Connection to 138.118.104.50 timed out. (connect timeout=5)'))"
50.168.210.236:80,"Error: HTTPSConnectionPool(host='www.hiperlibertad.com.ar', port=443): Max retries exceeded with url: / (Caused by ConnectTimeoutError(<urllib3.connection.HTTPSConnection object at 0x000001CF8859EB90>, 'Connection to 50.168.210.236 timed out. (connect timeout=5)'))"
50.217.226.46:80,"Error: HTTPSConnectionPool(host='www.hiperlibertad.com.ar', port=443): Max retries exceeded with url: / (Caused by ConnectTimeoutError(<urllib3.connection.HTTPSConnection object at 0x000001CF88421190>, 'Connection to 50.217.226.46 timed out. (connect timeout=5)'))"
65.109.231.57:8080,"Error: HTTPSConnectionPool(host='www.hiperlibertad.com.ar', port=443): Max retries exceeded with url: / (Caused by ProxyError('Cannot connect to proxy.', RemoteDisconnected('Remote end closed connection without response')))"
50.171.32.222:80,"Error: HTTPSConnectionPool(host='www.hiperlibertad.com.ar', port=443): Max retries exceeded with url: / (Caused by ConnectTimeoutError(<urllib3.connection.HTTPSConnection object at 0x000001CF88586790>, 'Connection to 50.171.32.222 timed out. (connect timeout=5)'))"
50.239.72.16:80,"Error: HTTPSConnectionPool(host='www.hiperlibertad.com.ar', port=443): Max retries exceeded with url: / (Caused by ConnectTimeoutError(<urllib3.connection.HTTPSConnection object at 0x000001CF88584950>, 'Connection to 50.239.72.16 timed out. (connect timeout=5)'))"
200.55.240.244:3128,"Error: HTTPSConnectionPool(host='www.hiperlibertad.com.ar', port=443): Max retries exceeded with url: / (Caused by ProxyError('Cannot connect to proxy.', TimeoutError('timed out')))"
107.1.93.212:80,"Error: HTTPSConnectionPool(host='www.hiperlibertad.com.ar', port=443): Max retries exceeded with url: / (Caused by ConnectTimeoutError(<urllib3.connection.HTTPSConnection object at 0x000001CF88613B90>, 'Connection to 107.1.93.212 timed out. (connect timeout=5)'))"
50.227.121.35:80,"Error: HTTPSConnectionPool(host='www.hiperlibertad.com.ar', port=443): Max retries exceeded with url: / (Caused by ConnectTimeoutError(<urllib3.connection.HTTPSConnection object at 0x000001CF8859EAD0>, 'Connection to 50.227.121.35 timed out. (connect timeout=5)'))"
103.133.221.251:80,"Error: HTTPSConnectionPool(host='www.hiperlibertad.com.ar', port=443): Max retries exceeded with url: / (Caused by ConnectTimeoutError(<urllib3.connection.HTTPSConnection object at 0x000001CF88422750>, 'Connection to 103.133.221.251 timed out. (connect timeout=5)'))"
50.200.12.87:80,"Error: HTTPSConnectionPool(host='www.hiperlibertad.com.ar', port=443): Max retries exceeded with url: / (Caused by ConnectTimeoutError(<urllib3.connection.HTTPSConnection object at 0x000001CF88594E90>, 'Connection to 50.200.12.87 timed out. (connect timeout=5)'))"
50.207.199.85:80,"Error: HTTPSConnectionPool(host='www.hiperlibertad.com.ar', port=443): Max retries exceeded with url: / (Caused by ConnectTimeoutError(<urllib3.connection.HTTPSConnection object at 0x000001CF88418690>, 'Connection to 50.207.199.85 timed out. (connect timeout=5)'))"
146.59.202.70:80,"Error: HTTPSConnectionPool(host='www.hiperlibertad.com.ar', port=443): Max retries exceeded with url: / (Caused by ConnectTimeoutError(<urllib3.connection.HTTPSConnection object at 0x000001CF8841BB50>, 'Connection to 146.59.202.70 timed out. (connect timeout=5)'))"
50.204.219.231:80,"Error: HTTPSConnectionPool(host='www.hiperlibertad.com.ar', port=443): Max retries exceeded with url: / (Caused by ConnectTimeoutError(<urllib3.connection.HTTPSConnection object at 0x000001CF88640150>, 'Connection to 50.204.219.231 timed out. (connect timeout=5)'))"
50.207.253.118:80,"Error: HTTPSConnectionPool(host='www.hiperlibertad.com.ar', port=443): Max retries exceeded with url: / (Caused by ConnectTimeoutError(<urllib3.connection.HTTPSConnection object at 0x000001CF88406A50>, 'Connection to 50.207.253.118 timed out. (connect timeout=5)'))"
162.248.225.143:80,"Error: HTTPSConnectionPool(host='www.hiperlibertad.com.ar', port=443): Max retries exceeded with url: / (Caused by ProxyError('Cannot connect to proxy.', OSError('Tunnel connection failed: 400 Bad Request')))"
50.174.7.158:80,"Error: HTTPSConnectionPool(host='www.hiperlibertad.com.ar', port=443): Max retries exceeded with url: / (Caused by ConnectTimeoutError(<urllib3.connection.HTTPSConnection object at 0x000001CF88640A90>, 'Connection to 50.174.7.158 timed out. (connect timeout=5)'))"
157.245.97.60:80,"Error: HTTPSConnectionPool(host='www.hiperlibertad.com.ar', port=443): Max retries exceeded with url: / (Caused by ConnectTimeoutError(<urllib3.connection.HTTPSConnection object at 0x000001CF8845F490>, 'Connection to 157.245.97.60 timed out. (connect timeout=5)'))"
195.114.209.50:80,"Error: HTTPSConnectionPool(host='www.hiperlibertad.com.ar', port=443): Max retries exceeded with url: / (Caused by ConnectTimeoutError(<urllib3.connection.HTTPSConnection object at 0x000001CF88585C10>, 'Connection to 195.114.209.50 timed out. (connect timeout=5)'))"
96.113.159.162:80,"Error: HTTPSConnectionPool(host='www.hiperlibertad.com.ar', port=443): Max retries exceeded with url: / (Caused by ConnectTimeoutError(<urllib3.connection.HTTPSConnection object at 0x000001CF8857A0D0>, 'Connection to 96.113.159.162 timed out. (connect timeout=5)'))"
50.168.72.114:80,"Error: HTTPSConnectionPool(host='www.hiperlibertad.com.ar', port=443): Max retries exceeded with url: / (Caused by ConnectTimeoutError(<urllib3.connection.HTTPSConnection object at 0x000001CF88423FD0>, 'Connection to 50.168.72.114 timed out. (connect timeout=5)'))"
50.168.210.234:80,"Error: HTTPSConnectionPool(host='www.hiperlibertad.com.ar', port=443): Max retries exceeded with url: / (Caused by ConnectTimeoutError(<urllib3.connection.HTTPSConnection object at 0x000001CF8863AF50>, 'Connection to 50.168.210.234 timed out. (connect timeout=5)'))"
50.217.226.42:80,"Error: HTTPSConnectionPool(host='www.hiperlibertad.com.ar', port=443): Max retries exceeded with url: / (Caused by ConnectTimeoutError(<urllib3.connection.HTTPSConnection object at 0x000001CF884223D0>, 'Connection to 50.217.226.42 timed out. (connect timeout=5)'))"
167.99.185.219:8888,"Error: HTTPSConnectionPool(host='www.hiperlibertad.com.ar', port=443): Max retries exceeded with url: / (Caused by ProxyError('Cannot connect to proxy.', OSError('Tunnel connection failed: 400 Bad Request')))"
50.169.62.106:80,"Error: HTTPSConnectionPool(host='www.hiperlibertad.com.ar', port=443): Max retries exceeded with url: / (Caused by ConnectTimeoutError(<urllib3.connection.HTTPSConnection object at 0x000001CF88420490>, 'Connection to 50.169.62.106 timed out. (connect timeout=5)'))"
50.170.90.25:80,"Error: HTTPSConnectionPool(host='www.hiperlibertad.com.ar', port=443): Max retries exceeded with url: / (Caused by ConnectTimeoutError(<urllib3.connection.HTTPSConnection object at 0x000001CF8863A5D0>, 'Connection to 50.170.90.25 timed out. (connect timeout=5)'))"
50.171.32.229:80,"Error: HTTPSConnectionPool(host='www.hiperlibertad.com.ar', port=443): Max retries exceeded with url: / (Caused by ConnectTimeoutError(<urllib3.connection.HTTPSConnection object at 0x000001CF8859C4D0>, 'Connection to 50.171.32.229 timed out. (connect timeout=5)'))"
50.172.75.126:80,"Error: HTTPSConnectionPool(host='www.hiperlibertad.com.ar', port=443): Max retries exceeded with url: / (Caused by ConnectTimeoutError(<urllib3.connection.HTTPSConnection object at 0x000001CF8841B550>, 'Connection to 50.172.75.126 timed out. (connect timeout=5)'))"
50.204.219.225:80,"Error: HTTPSConnectionPool(host='www.hiperlibertad.com.ar', port=443): Max retries exceeded with url: / (Caused by ConnectTimeoutError(<urllib3.connection.HTTPSConnection object at 0x000001CF8845A810>, 'Connection to 50.204.219.225 timed out. (connect timeout=5)'))"
84.39.112.144:3128,"Error: HTTPSConnectionPool(host='www.hiperlibertad.com.ar', port=443): Max retries exceeded with url: / (Caused by ProxyError('Cannot connect to proxy.', OSError('Tunnel connection failed: 400 Bad Request')))"
38.7.3.15:999,"Error: HTTPSConnectionPool(host='www.hiperlibertad.com.ar', port=443): Max retries exceeded with url: / (Caused by ConnectTimeoutError(<urllib3.connection.HTTPSConnection object at 0x000001CF88458F90>, 'Connection to 38.7.3.15 timed out. (connect timeout=5)'))"
50.173.140.144:80,"Error: HTTPSConnectionPool(host='www.hiperlibertad.com.ar', port=443): Max retries exceeded with url: / (Caused by ConnectTimeoutError(<urllib3.connection.HTTPSConnection object at 0x000001CF88419BD0>, 'Connection to 50.173.140.144 timed out. (connect timeout=5)'))"
103.31.251.124:8080,"Error: HTTPSConnectionPool(host='www.hiperlibertad.com.ar', port=443): Max retries exceeded with url: / (Caused by ConnectTimeoutError(<urllib3.connection.HTTPSConnection object at 0x000001CF88594910>, 'Connection to 103.31.251.124 timed out. (connect timeout=5)'))"
114.130.175.18:8080,"Error: HTTPSConnectionPool(host='www.hiperlibertad.com.ar', port=443): Max retries exceeded with url: / (Caused by ConnectTimeoutError(<urllib3.connection.HTTPSConnection object at 0x000001CF88419A50>, 'Connection to 114.130.175.18 timed out. (connect timeout=5)'))"
103.105.125.94:83,"Error: HTTPSConnectionPool(host='www.hiperlibertad.com.ar', port=443): Max retries exceeded with url: / (Caused by ConnectTimeoutError(<urllib3.connection.HTTPSConnection object at 0x000001CF8859CE10>, 'Connection to 103.105.125.94 timed out. (connect timeout=5)'))"
176.235.182.105:8080,"Error: HTTPSConnectionPool(host='www.hiperlibertad.com.ar', port=443): Max retries exceeded with url: / (Caused by ConnectTimeoutError(<urllib3.connection.HTTPSConnection object at 0x000001CF88584190>, 'Connection to 176.235.182.105 timed out. (connect timeout=5)'))"
177.93.37.36:999,"Error: HTTPSConnectionPool(host='www.hiperlibertad.com.ar', port=443): Max retries exceeded with url: / (Caused by ConnectTimeoutError(<urllib3.connection.HTTPSConnection object at 0x000001CF8863BAD0>, 'Connection to 177.93.37.36 timed out. (connect timeout=5)'))"
185.217.143.96:80,"Error: HTTPSConnectionPool(host='www.hiperlibertad.com.ar', port=443): Max retries exceeded with url: / (Caused by ProxyError('Cannot connect to proxy.', ConnectionResetError(10054, 'Se ha forzado la interrupción de una conexión existente por el host remoto', None, 10054, None)))"
162.248.225.127:80,"Error: HTTPSConnectionPool(host='www.hiperlibertad.com.ar', port=443): Max retries exceeded with url: / (Caused by ProxyError('Cannot connect to proxy.', OSError('Tunnel connection failed: 400 Bad Request')))"
50.173.140.146:80,"Error: HTTPSConnectionPool(host='www.hiperlibertad.com.ar', port=443): Max retries exceeded with url: / (Caused by ConnectTimeoutError(<urllib3.connection.HTTPSConnection object at 0x000001CF88422F10>, 'Connection to 50.173.140.146 timed out. (connect timeout=5)'))"
50.204.219.229:80,"Error: HTTPSConnectionPool(host='www.hiperlibertad.com.ar', port=443): Max retries exceeded with url: / (Caused by ConnectTimeoutError(<urllib3.connection.HTTPSConnection object at 0x000001CF885AAC10>, 'Connection to 50.204.219.229 timed out. (connect timeout=5)'))"
50.204.219.226:80,"Error: HTTPSConnectionPool(host='www.hiperlibertad.com.ar', port=443): Max retries exceeded with url: / (Caused by ConnectTimeoutError(<urllib3.connection.HTTPSConnection object at 0x000001CF8857AC90>, 'Connection to 50.204.219.226 timed out. (connect timeout=5)'))"
145.239.86.214:8080,"Error: HTTPSConnectionPool(host='www.hiperlibertad.com.ar', port=443): Max retries exceeded with url: / (Caused by ProxyError('Cannot connect to proxy.', TimeoutError('timed out')))"
50.174.7.154:80,"Error: HTTPSConnectionPool(host='www.hiperlibertad.com.ar', port=443): Max retries exceeded with url: / (Caused by ConnectTimeoutError(<urllib3.connection.HTTPSConnection object at 0x000001CF8845C1D0>, 'Connection to 50.174.7.154 timed out. (connect timeout=5)'))"
82.119.96.254:80,"Error: HTTPSConnectionPool(host='www.hiperlibertad.com.ar', port=443): Max retries exceeded with url: / (Caused by ConnectTimeoutError(<urllib3.connection.HTTPSConnection object at 0x000001CF88595290>, 'Connection to 82.119.96.254 timed out. (connect timeout=5)'))"
164.163.185.204:80,"Error: HTTPSConnectionPool(host='www.hiperlibertad.com.ar', port=443): Max retries exceeded with url: / (Caused by ProxyError('Cannot connect to proxy.', OSError('Tunnel connection failed: 500 Internal Server Error')))"
45.55.135.10:80,"Error: HTTPSConnectionPool(host='www.hiperlibertad.com.ar', port=443): Max retries exceeded with url: / (Caused by ConnectTimeoutError(<urllib3.connection.HTTPSConnection object at 0x000001CF88597A50>, 'Connection to 45.55.135.10 timed out. (connect timeout=5)'))"
50.239.72.19:80,"Error: HTTPSConnectionPool(host='www.hiperlibertad.com.ar', port=443): Max retries exceeded with url: / (Caused by ConnectTimeoutError(<urllib3.connection.HTTPSConnection object at 0x000001CF8859EB10>, 'Connection to 50.239.72.19 timed out. (connect timeout=5)'))"
50.221.74.130:80,"Error: HTTPSConnectionPool(host='www.hiperlibertad.com.ar', port=443): Max retries exceeded with url: / (Caused by ConnectTimeoutError(<urllib3.connection.HTTPSConnection object at 0x000001CF885AAFD0>, 'Connection to 50.221.74.130 timed out. (connect timeout=5)'))"
50.228.141.101:80,"Error: HTTPSConnectionPool(host='www.hiperlibertad.com.ar', port=443): Max retries exceeded with url: / (Caused by ConnectTimeoutError(<urllib3.connection.HTTPSConnection object at 0x000001CF8857BED0>, 'Connection to 50.228.141.101 timed out. (connect timeout=5)'))"
202.61.204.51:80,"Error: HTTPSConnectionPool(host='www.hiperlibertad.com.ar', port=443): Max retries exceeded with url: / (Caused by ConnectTimeoutError(<urllib3.connection.HTTPSConnection object at 0x000001CF88423E50>, 'Connection to 202.61.204.51 timed out. (connect timeout=5)'))"
107.1.93.222:80,"Error: HTTPSConnectionPool(host='www.hiperlibertad.com.ar', port=443): Max retries exceeded with url: / (Caused by ConnectTimeoutError(<urllib3.connection.HTTPSConnection object at 0x000001CF885B4350>, 'Connection to 107.1.93.222 timed out. (connect timeout=5)'))"
50.206.111.91:80,"Error: HTTPSConnectionPool(host='www.hiperlibertad.com.ar', port=443): Max retries exceeded with url: / (Caused by ConnectTimeoutError(<urllib3.connection.HTTPSConnection object at 0x000001CF8845D750>, 'Connection to 50.206.111.91 timed out. (connect timeout=5)'))"
193.123.62.234:80,"Error: HTTPSConnectionPool(host='www.hiperlibertad.com.ar', port=443): Max retries exceeded with url: / (Caused by ConnectTimeoutError(<urllib3.connection.HTTPSConnection object at 0x000001CF88586390>, 'Connection to 193.123.62.234 timed out. (connect timeout=5)'))"
116.203.28.43:80,"Error: HTTPSConnectionPool(host='www.hiperlibertad.com.ar', port=443): Max retries exceeded with url: / (Caused by ProxyError('Cannot connect to proxy.', OSError('Tunnel connection failed: 503 Service Temporarily Unavailable')))"
24.205.201.186:80,"Error: HTTPSConnectionPool(host='www.hiperlibertad.com.ar', port=443): Max retries exceeded with url: / (Caused by ConnectTimeoutError(<urllib3.connection.HTTPSConnection object at 0x000001CF88459350>, 'Connection to 24.205.201.186 timed out. (connect timeout=5)'))"
50.221.166.2:80,"Error: HTTPSConnectionPool(host='www.hiperlibertad.com.ar', port=443): Max retries exceeded with url: / (Caused by ConnectTimeoutError(<urllib3.connection.HTTPSConnection object at 0x000001CF884186D0>, 'Connection to 50.221.166.2 timed out. (connect timeout=5)'))"
143.42.163.193:80,"Error: HTTPSConnectionPool(host='www.hiperlibertad.com.ar', port=443): Max retries exceeded with url: / (Caused by ProxyError('Cannot connect to proxy.', OSError('Tunnel connection failed: 503 Service Temporarily Unavailable')))"
171.100.153.60:80,"Error: HTTPSConnectionPool(host='www.hiperlibertad.com.ar', port=443): Max retries exceeded with url: / (Caused by ConnectTimeoutError(<urllib3.connection.HTTPSConnection object at 0x000001CF88596B50>, 'Connection to 171.100.153.60 timed out. (connect timeout=5)'))"
125.25.32.35:8080,"Error: HTTPSConnectionPool(host='www.hiperlibertad.com.ar', port=443): Max retries exceeded with url: / (Caused by ConnectTimeoutError(<urllib3.connection.HTTPSConnection object at 0x000001CF885ABD10>, 'Connection to 125.25.32.35 timed out. (connect timeout=5)'))"
197.211.35.195:8080,"Error: HTTPSConnectionPool(host='www.hiperlibertad.com.ar', port=443): Max retries exceeded with url: / (Caused by ConnectTimeoutError(<urllib3.connection.HTTPSConnection object at 0x000001CF88638890>, 'Connection to 197.211.35.195 timed out. (connect timeout=5)'))"
190.85.191.238:999,"Error: HTTPSConnectionPool(host='www.hiperlibertad.com.ar', port=443): Max retries exceeded with url: / (Caused by ConnectTimeoutError(<urllib3.connection.HTTPSConnection object at 0x000001CF88594190>, 'Connection to 190.85.191.238 timed out. (connect timeout=5)'))"
103.164.213.78:8088,"Error: HTTPSConnectionPool(host='www.hiperlibertad.com.ar', port=443): Max retries exceeded with url: / (Caused by ConnectTimeoutError(<urllib3.connection.HTTPSConnection object at 0x000001CF88419610>, 'Connection to 103.164.213.78 timed out. (connect timeout=5)'))"
43.156.0.125:8888,"Error: HTTPSConnectionPool(host='www.hiperlibertad.com.ar', port=443): Max retries exceeded with url: / (Caused by ProxyError('Cannot connect to proxy.', OSError('Tunnel connection failed: 400 Bad Request')))"
50.122.86.118:80,"Error: HTTPSConnectionPool(host='www.hiperlibertad.com.ar', port=443): Max retries exceeded with url: / (Caused by ConnectTimeoutError(<urllib3.connection.HTTPSConnection object at 0x000001CF885B49D0>, 'Connection to 50.122.86.118 timed out. (connect timeout=5)'))"
34.77.56.122:8080,"Error: HTTPSConnectionPool(host='www.hiperlibertad.com.ar', port=443): Max retries exceeded with url: / (Caused by ProxyError('Cannot connect to proxy.', RemoteDisconnected('Remote end closed connection without response')))"
50.170.90.34:80,"Error: HTTPSConnectionPool(host='www.hiperlibertad.com.ar', port=443): Max retries exceeded with url: / (Caused by ConnectTimeoutError(<urllib3.connection.HTTPSConnection object at 0x000001CF8859C5D0>, 'Connection to 50.170.90.34 timed out. (connect timeout=5)'))"
101.255.118.98:8080,"Error: HTTPSConnectionPool(host='www.hiperlibertad.com.ar', port=443): Max retries exceeded with url: / (Caused by ProxyError('Cannot connect to proxy.', RemoteDisconnected('Remote end closed connection without response')))"
50.228.141.102:80,"Error: HTTPSConnectionPool(host='www.hiperlibertad.com.ar', port=443): Max retries exceeded with url: / (Caused by ConnectTimeoutError(<urllib3.connection.HTTPSConnection object at 0x000001CF88587910>, 'Connection to 50.228.141.102 timed out. (connect timeout=5)'))"
50.202.75.26:80,"Error: HTTPSConnectionPool(host='www.hiperlibertad.com.ar', port=443): Max retries exceeded with url: / (Caused by ConnectTimeoutError(<urllib3.connection.HTTPSConnection object at 0x000001CF88638C10>, 'Connection to 50.202.75.26 timed out. (connect timeout=5)'))"
68.185.57.66:80,"Error: HTTPSConnectionPool(host='www.hiperlibertad.com.ar', port=443): Max retries exceeded with url: / (Caused by ConnectTimeoutError(<urllib3.connection.HTTPSConnection object at 0x000001CF88578210>, 'Connection to 68.185.57.66 timed out. (connect timeout=5)'))"
50.170.90.26:80,"Error: HTTPSConnectionPool(host='www.hiperlibertad.com.ar', port=443): Max retries exceeded with url: / (Caused by ConnectTimeoutError(<urllib3.connection.HTTPSConnection object at 0x000001CF88420490>, 'Connection to 50.170.90.26 timed out. (connect timeout=5)'))"
107.1.93.209:80,"Error: HTTPSConnectionPool(host='www.hiperlibertad.com.ar', port=443): Max retries exceeded with url: / (Caused by ConnectTimeoutError(<urllib3.connection.HTTPSConnection object at 0x000001CF8845BE90>, 'Connection to 107.1.93.209 timed out. (connect timeout=5)'))"
50.171.152.30:80,"Error: HTTPSConnectionPool(host='www.hiperlibertad.com.ar', port=443): Max retries exceeded with url: / (Caused by ConnectTimeoutError(<urllib3.connection.HTTPSConnection object at 0x000001CF88579950>, 'Connection to 50.171.152.30 timed out. (connect timeout=5)'))"
50.170.90.27:80,"Error: HTTPSConnectionPool(host='www.hiperlibertad.com.ar', port=443): Max retries exceeded with url: / (Caused by ConnectTimeoutError(<urllib3.connection.HTTPSConnection object at 0x000001CF8859E590>, 'Connection to 50.170.90.27 timed out. (connect timeout=5)'))"
50.206.111.88:80,"Error: HTTPSConnectionPool(host='www.hiperlibertad.com.ar', port=443): Max retries exceeded with url: / (Caused by ConnectTimeoutError(<urllib3.connection.HTTPSConnection object at 0x000001CF88641C10>, 'Connection to 50.206.111.88 timed out. (connect timeout=5)'))"
50.174.145.11:80,"Error: HTTPSConnectionPool(host='www.hiperlibertad.com.ar', port=443): Max retries exceeded with url: / (Caused by ConnectTimeoutError(<urllib3.connection.HTTPSConnection object at 0x000001CF88597DD0>, 'Connection to 50.174.145.11 timed out. (connect timeout=5)'))"
50.171.32.225:80,"Error: HTTPSConnectionPool(host='www.hiperlibertad.com.ar', port=443): Max retries exceeded with url: / (Caused by ConnectTimeoutError(<urllib3.connection.HTTPSConnection object at 0x000001CF88642950>, 'Connection to 50.171.32.225 timed out. (connect timeout=5)'))"
162.223.94.164:80,"Error: HTTPSConnectionPool(host='www.hiperlibertad.com.ar', port=443): Max retries exceeded with url: / (Caused by ProxyError('Cannot connect to proxy.', OSError('Tunnel connection failed: 503 Service Temporarily Unavailable')))"
50.228.83.226:80,"Error: HTTPSConnectionPool(host='www.hiperlibertad.com.ar', port=443): Max retries exceeded with url: / (Caused by ConnectTimeoutError(<urllib3.connection.HTTPSConnection object at 0x000001CF88419F10>, 'Connection to 50.228.83.226 timed out. (connect timeout=5)'))"
185.217.143.125:80,"Error: HTTPSConnectionPool(host='www.hiperlibertad.com.ar', port=443): Max retries exceeded with url: / (Caused by ProxyError('Cannot connect to proxy.', ConnectionResetError(10054, 'Se ha forzado la interrupción de una conexión existente por el host remoto', None, 10054, None)))"
50.200.12.81:80,"Error: HTTPSConnectionPool(host='www.hiperlibertad.com.ar', port=443): Max retries exceeded with url: / (Caused by ConnectTimeoutError(<urllib3.connection.HTTPSConnection object at 0x000001CF88596590>, 'Connection to 50.200.12.81 timed out. (connect timeout=5)'))"
162.223.94.163:80,"Error: HTTPSConnectionPool(host='www.hiperlibertad.com.ar', port=443): Max retries exceeded with url: / (Caused by ProxyError('Cannot connect to proxy.', OSError('Tunnel connection failed: 503 Service Temporarily Unavailable')))"
104.248.147.96:8888,"Error: HTTPSConnectionPool(host='www.hiperlibertad.com.ar', port=443): Max retries exceeded with url: / (Caused by ProxyError('Cannot connect to proxy.', NewConnectionError('<urllib3.connection.HTTPSConnection object at 0x000001CF8845C9D0>: Failed to establish a new connection: [WinError 10061] No se puede establecer una conexión ya que el equipo de destino denegó expresamente dicha conexión')))"
123.205.68.113:8193,"Error: HTTPSConnectionPool(host='www.hiperlibertad.com.ar', port=443): Max retries exceeded with url: / (Caused by ProxyError('Cannot connect to proxy.', ConnectionResetError(10054, 'Se ha forzado la interrupción de una conexión existente por el host remoto', None, 10054, None)))"
12.186.205.120:80,"Error: HTTPSConnectionPool(host='www.hiperlibertad.com.ar', port=443): Max retries exceeded with url: / (Caused by ProxyError('Cannot connect to proxy.', TimeoutError('timed out')))"
50.168.72.112:80,"Error: HTTPSConnectionPool(host='www.hiperlibertad.com.ar', port=443): Max retries exceeded with url: / (Caused by ConnectTimeoutError(<urllib3.connection.HTTPSConnection object at 0x000001CF885B7090>, 'Connection to 50.168.72.112 timed out. (connect timeout=5)'))"
20.206.106.192:80,"Error: HTTPSConnectionPool(host='www.hiperlibertad.com.ar', port=443): Max retries exceeded with url: / (Caused by ProxyError('Cannot connect to proxy.', OSError('Tunnel connection failed: 403 Forbidden')))"
105.28.176.41:9812,"Error: HTTPSConnectionPool(host='www.hiperlibertad.com.ar', port=443): Max retries exceeded with url: / (Caused by ConnectTimeoutError(<urllib3.connection.HTTPSConnection object at 0x000001CF885AA710>, 'Connection to 105.28.176.41 timed out. (connect timeout=5)'))"
103.56.206.65:4995,"Error: HTTPSConnectionPool(host='www.hiperlibertad.com.ar', port=443): Max retries exceeded with url: / (Caused by ConnectTimeoutError(<urllib3.connection.HTTPSConnection object at 0x000001CF88643650>, 'Connection to 103.56.206.65 timed out. (connect timeout=5)'))"
179.57.170.143:999,"Error: HTTPSConnectionPool(host='www.hiperlibertad.com.ar', port=443): Max retries exceeded with url: / (Caused by ConnectTimeoutError(<urllib3.connection.HTTPSConnection object at 0x000001CF88640250>, 'Connection to 179.57.170.143 timed out. (connect timeout=5)'))"
103.127.1.130:80,"Error: HTTPSConnectionPool(host='www.hiperlibertad.com.ar', port=443): Max retries exceeded with url: / (Caused by ProxyError('Cannot connect to proxy.', RemoteDisconnected('Remote end closed connection without response')))"
36.92.193.189:80,"Error: HTTPSConnectionPool(host='www.hiperlibertad.com.ar', port=443): Max retries exceeded with url: / (Caused by ProxyError('Cannot connect to proxy.', NewConnectionError('<urllib3.connection.HTTPSConnection object at 0x000001CF88585B50>: Failed to establish a new connection: [WinError 10061] No se puede establecer una conexión ya que el equipo de destino denegó expresamente dicha conexión')))"
36.91.155.42:8080,"Error: HTTPSConnectionPool(host='www.hiperlibertad.com.ar', port=443): Max retries exceeded with url: / (Caused by ConnectTimeoutError(<urllib3.connection.HTTPSConnection object at 0x000001CF88422D50>, 'Connection to 36.91.155.42 timed out. (connect timeout=5)'))"
51.15.242.202:8888,"Error: HTTPSConnectionPool(host='www.hiperlibertad.com.ar', port=443): Max retries exceeded with url: / (Caused by ProxyError('Cannot connect to proxy.', ConnectionResetError(10054, 'Se ha forzado la interrupción de una conexión existente por el host remoto', None, 10054, None)))"
36.92.70.209:8080,"Error: HTTPSConnectionPool(host='www.hiperlibertad.com.ar', port=443): Max retries exceeded with url: / (Caused by ConnectTimeoutError(<urllib3.connection.HTTPSConnection object at 0x000001CF8859D650>, 'Connection to 36.92.70.209 timed out. (connect timeout=5)'))"
110.78.149.228:8080,"Error: HTTPSConnectionPool(host='www.hiperlibertad.com.ar', port=443): Max retries exceeded with url: / (Caused by ConnectTimeoutError(<urllib3.connection.HTTPSConnection object at 0x000001CF88585E90>, 'Connection to 110.78.149.228 timed out. (connect timeout=5)'))"
114.156.77.107:8080,"Error: HTTPSConnectionPool(host='www.hiperlibertad.com.ar', port=443): Max retries exceeded with url: / (Caused by ProxyError('Cannot connect to proxy.', RemoteDisconnected('Remote end closed connection without response')))"
13.81.217.201:80,"Error: HTTPSConnectionPool(host='www.hiperlibertad.com.ar', port=443): Max retries exceeded with url: / (Caused by ProxyError('Cannot connect to proxy.', OSError('Tunnel connection failed: 500 Internal Server Error')))"
20.163.133.5:80,"Error: HTTPSConnectionPool(host='www.hiperlibertad.com.ar', port=443): Max retries exceeded with url: / (Caused by ProxyError('Cannot connect to proxy.', TimeoutError('timed out')))"
66.29.156.100:80,"Error: HTTPSConnectionPool(host='www.hiperlibertad.com.ar', port=443): Max retries exceeded with url: / (Caused by ProxyError('Cannot connect to proxy.', TimeoutError('timed out')))"
45.76.196.51:80,"Error: HTTPSConnectionPool(host='www.hiperlibertad.com.ar', port=443): Max retries exceeded with url: / (Caused by ConnectTimeoutError(<urllib3.connection.HTTPSConnection object at 0x000001CF8841B990>, 'Connection to 45.76.196.51 timed out. (connect timeout=5)'))"
78.186.155.89:8080,"Error: HTTPSConnectionPool(host='www.hiperlibertad.com.ar', port=443): Max retries exceeded with url: / (Caused by ConnectTimeoutError(<urllib3.connection.HTTPSConnection object at 0x000001CF88423AD0>, 'Connection to 78.186.155.89 timed out. (connect timeout=5)'))"
177.242.151.133:8080,"Error: HTTPSConnectionPool(host='www.hiperlibertad.com.ar', port=443): Max retries exceeded with url: / (Caused by ConnectTimeoutError(<urllib3.connection.HTTPSConnection object at 0x000001CF88585010>, 'Connection to 177.242.151.133 timed out. (connect timeout=5)'))"
200.101.150.202:8080,"Error: HTTPSConnectionPool(host='www.hiperlibertad.com.ar', port=443): Max retries exceeded with url: / (Caused by ConnectTimeoutError(<urllib3.connection.HTTPSConnection object at 0x000001CF885B6390>, 'Connection to 200.101.150.202 timed out. (connect timeout=5)'))"
110.238.109.146:8080,"Error: HTTPSConnectionPool(host='www.hiperlibertad.com.ar', port=443): Max retries exceeded with url: / (Caused by SSLError(SSLCertVerificationError(1, '[SSL: CERTIFICATE_VERIFY_FAILED] certificate verify failed: self signed certificate (_ssl.c:1002)')))"
194.67.91.153:80,"Error: HTTPSConnectionPool(host='www.hiperlibertad.com.ar', port=443): Max retries exceeded with url: / (Caused by ConnectTimeoutError(<urllib3.connection.HTTPSConnection object at 0x000001CF88420450>, 'Connection to 194.67.91.153 timed out. (connect timeout=5)'))"
209.97.171.82:8080,"Error: HTTPSConnectionPool(host='www.hiperlibertad.com.ar', port=443): Max retries exceeded with url: / (Caused by ProxyError('Cannot connect to proxy.', TimeoutError('timed out')))"
50.222.245.45:80,"Error: HTTPSConnectionPool(host='www.hiperlibertad.com.ar', port=443): Max retries exceeded with url: / (Caused by ConnectTimeoutError(<urllib3.connection.HTTPSConnection object at 0x000001CF885B51D0>, 'Connection to 50.222.245.45 timed out. (connect timeout=5)'))"
193.15.14.198:80,"Error: HTTPSConnectionPool(host='www.hiperlibertad.com.ar', port=443): Max retries exceeded with url: / (Caused by ProxyError('Cannot connect to proxy.', TimeoutError('timed out')))"
62.99.138.162:80,"Error: HTTPSConnectionPool(host='www.hiperlibertad.com.ar', port=443): Max retries exceeded with url: / (Caused by ConnectTimeoutError(<urllib3.connection.HTTPSConnection object at 0x000001CF8857A190>, 'Connection to 62.99.138.162 timed out. (connect timeout=5)'))"
68.188.59.198:80,"Error: HTTPSConnectionPool(host='www.hiperlibertad.com.ar', port=443): Max retries exceeded with url: / (Caused by ConnectTimeoutError(<urllib3.connection.HTTPSConnection object at 0x000001CF88586DD0>, 'Connection to 68.188.59.198 timed out. (connect timeout=5)'))"
172.245.159.177:80,"Error: HTTPSConnectionPool(host='www.hiperlibertad.com.ar', port=443): Max retries exceeded with url: / (Caused by ConnectTimeoutError(<urllib3.connection.HTTPSConnection object at 0x000001CF885B7A50>, 'Connection to 172.245.159.177 timed out. (connect timeout=5)'))"
85.26.146.169:80,"Error: HTTPSConnectionPool(host='www.hiperlibertad.com.ar', port=443): Max retries exceeded with url: / (Caused by ConnectTimeoutError(<urllib3.connection.HTTPSConnection object at 0x000001CF885852D0>, 'Connection to 85.26.146.169 timed out. (connect timeout=5)'))"
